fips5,aph_1975_2009,state_fips,county_fips,state_alpha,county_name,guarantee_base_65,guarantee_base_75,guarantee_base_85,guarantee_base_90
17001,124.742857,17,001,IL,Adams,324.331429,374.228571,424.125714,449.074286
17003,113.114286,17,003,IL,Alexander,294.097143,339.342857,384.588571,407.211429
17005,108.000000,17,005,IL,Bond,280.800000,324.000000,367.200000,388.800000
17007,129.885714,17,007,IL,Boone,337.702857,389.657143,441.611429,467.588571
17009,122.542857,17,009,IL,Brown,318.611429,367.628571,416.645714,441.154286
17011,140.314286,17,011,IL,Bureau,364.817143,420.942857,477.068571,505.131429
17013,120.485714,17,013,IL,Calhoun,313.262857,361.457143,409.651429,433.748571
17015,139.714286,17,015,IL,Carroll,363.257143,419.142857,475.028571,502.971429
17017,141.028571,17,017,IL,Cass,366.674286,423.085714,479.497143,507.702857
17019,142.942857,17,019,IL,Champaign,371.651429,428.828571,486.005714,514.594286
17021,149.628571,17,021,IL,Christian,389.034286,448.885714,508.737143,538.662857
17023,129.628571,17,023,IL,Clark,337.034286,388.885714,440.737143,466.662857
17025,100.857143,17,025,IL,Clay,262.228571,302.571429,342.914286,363.085714
17027,108.742857,17,027,IL,Clinton,282.731429,326.228571,369.725714,391.474286
17029,141.400000,17,029,IL,Coles,367.640000,424.200000,480.760000,509.040000
17033,118.428571,17,033,IL,Crawford,307.914286,355.285714,402.657143,426.342857
17035,126.657143,17,035,IL,Cumberland,329.308571,379.971429,430.634286,455.965714
17037,143.257143,17,037,IL,De Kalb,372.468571,429.771429,487.074286,515.725714
17039,144.428571,17,039,IL,De Witt,375.514286,433.285714,491.057143,519.942857
17041,139.400000,17,041,IL,Douglas,362.440000,418.200000,473.960000,501.840000
17045,139.857143,17,045,IL,Edgar,363.628571,419.571429,475.514286,503.485714
17047,109.828571,17,047,IL,Edwards,285.554286,329.485714,373.417143,395.382857
17049,116.971429,17,049,IL,Effingham,304.125714,350.914286,397.702857,421.097143
17051,110.228571,17,051,IL,Fayette,286.594286,330.685714,374.777143,396.822857
17053,131.257143,17,053,IL,Ford,341.268571,393.771429,446.274286,472.525714
17055,94.885714,17,055,IL,Franklin,246.702857,284.657143,322.611429,341.588571
17057,130.514286,17,057,IL,Fulton,339.337143,391.542857,443.748571,469.851429
17059,120.942857,17,059,IL,Gallatin,314.451429,362.828571,411.205714,435.394286
17061,129.600000,17,061,IL,Greene,336.960000,388.800000,440.640000,466.560000
17063,132.828571,17,063,IL,Grundy,345.354286,398.485714,451.617143,478.182857
17065,104.514286,17,065,IL,Hamilton,271.737143,313.542857,355.348571,376.251429
17067,130.371429,17,067,IL,Hancock,338.965714,391.114286,443.262857,469.337143
17071,139.771429,17,071,IL,Henderson,363.405714,419.314286,475.222857,503.177143
17073,135.685714,17,073,IL,Henry,352.782857,407.057143,461.331429,488.468571
17075,133.171429,17,075,IL,Iroquois,346.245714,399.514286,452.782857,479.417143
17077,103.485714,17,077,IL,Jackson,269.062857,310.457143,351.851429,372.548571
17079,118.085714,17,079,IL,Jasper,307.022857,354.257143,401.491429,425.108571
17081,93.628571,17,081,IL,Jefferson,243.434286,280.885714,318.337143,337.062857
17083,127.600000,17,083,IL,Jersey,331.760000,382.800000,433.840000,459.360000
17085,129.485714,17,085,IL,Jo Daviess,336.662857,388.457143,440.251429,466.148571
17087,95.971429,17,087,IL,Johnson,249.525714,287.914286,326.302857,345.497143
17089,138.800000,17,089,IL,Kane,360.880000,416.400000,471.920000,499.680000
17091,128.257143,17,091,IL,Kankakee,333.468571,384.771429,436.074286,461.725714
17093,131.657143,17,093,IL,Kendall,342.308571,394.971429,447.634286,473.965714
17095,139.342857,17,095,IL,Knox,362.291429,418.028571,473.765714,501.634286
17097,103.485714,17,097,IL,Lake,269.062857,310.457143,351.851429,372.548571
17099,137.571429,17,099,IL,La Salle,357.685714,412.714286,467.742857,495.257143
17101,111.857143,17,101,IL,Lawrence,290.828571,335.571429,380.314286,402.685714
17103,138.485714,17,103,IL,Lee,360.062857,415.457143,470.851429,498.548571
17105,132.257143,17,105,IL,Livingston,343.868571,396.771429,449.674286,476.125714
17107,146.600000,17,107,IL,Logan,381.160000,439.800000,498.440000,527.760000
17109,141.828571,17,109,IL,Mcdonough,368.754286,425.485714,482.217143,510.582857
17111,124.971429,17,111,IL,Mchenry,324.925714,374.914286,424.902857,449.897143
17113,143.285714,17,113,IL,Mclean,372.542857,429.857143,487.171429,515.828571
17115,151.600000,17,115,IL,Macon,394.160000,454.800000,515.440000,545.760000
17117,133.828571,17,117,IL,Macoupin,347.954286,401.485714,455.017143,481.782857
17119,119.314286,17,119,IL,Madison,310.217143,357.942857,405.668571,429.531429
17121,101.971429,17,121,IL,Marion,265.125714,305.914286,346.702857,367.097143
17123,136.485714,17,123,IL,Marshall,354.862857,409.457143,464.051429,491.348571
17125,129.514286,17,125,IL,Mason,336.737143,388.542857,440.348571,466.251429
17127,104.600000,17,127,IL,Massac,271.960000,313.800000,355.640000,376.560000
17129,145.142857,17,129,IL,Menard,377.371429,435.428571,493.485714,522.514286
17131,136.942857,17,131,IL,Mercer,356.051429,410.828571,465.605714,492.994286
17133,113.085714,17,133,IL,Monroe,294.022857,339.257143,384.491429,407.108571
17135,132.914286,17,135,IL,Montgomery,345.577143,398.742857,451.908571,478.491429
17137,147.171429,17,137,IL,Morgan,382.645714,441.514286,500.382857,529.817143
17139,149.114286,17,139,IL,Moultrie,387.697143,447.342857,506.988571,536.811429
17141,137.257143,17,141,IL,Ogle,356.868571,411.771429,466.674286,494.125714
17143,135.914286,17,143,IL,Peoria,353.377143,407.742857,462.108571,489.291429
17145,90.342857,17,145,IL,Perry,234.891429,271.028571,307.165714,325.234286
17147,150.228571,17,147,IL,Piatt,390.594286,450.685714,510.777143,540.822857
17149,127.685714,17,149,IL,Pike,331.982857,383.057143,434.131429,459.668571
17153,110.657143,17,153,IL,Pulaski,287.708571,331.971429,376.234286,398.365714
17155,138.600000,17,155,IL,Putnam,360.360000,415.800000,471.240000,498.960000
17157,99.314286,17,157,IL,Randolph,258.217143,297.942857,337.668571,357.531429
17159,103.085714,17,159,IL,Richland,268.022857,309.257143,350.491429,371.108571
17161,134.485714,17,161,IL,Rock Island,349.662857,403.457143,457.251429,484.148571
17163,117.971429,17,163,IL,St Clair,306.725714,353.914286,401.102857,424.697143
17165,104.942857,17,165,IL,Saline,272.851429,314.828571,356.805714,377.794286
17167,150.514286,17,167,IL,Sangamon,391.337143,451.542857,511.748571,541.851429
17169,127.657143,17,169,IL,Schuyler,331.908571,382.971429,434.034286,459.565714
17171,135.771429,17,171,IL,Scott,353.005714,407.314286,461.622857,488.777143
17173,134.085714,17,173,IL,Shelby,348.622857,402.257143,455.891429,482.708571
17175,141.400000,17,175,IL,Stark,367.640000,424.200000,480.760000,509.040000
17177,131.400000,17,177,IL,Stephenson,341.640000,394.200000,446.760000,473.040000
17179,142.142857,17,179,IL,Tazewell,369.571429,426.428571,483.285714,511.714286
17181,107.457143,17,181,IL,Union,279.388571,322.371429,365.354286,386.845714
17183,136.542857,17,183,IL,Vermilion,355.011429,409.628571,464.245714,491.554286
17185,115.314286,17,185,IL,Wabash,299.817143,345.942857,392.068571,415.131429
17187,144.371429,17,187,IL,Warren,375.365714,433.114286,490.862857,519.737143
17189,103.685714,17,189,IL,Washington,269.582857,311.057143,352.531429,373.268571
17191,103.000000,17,191,IL,Wayne,267.800000,309.000000,350.200000,370.800000
17193,112.514286,17,193,IL,White,292.537143,337.542857,382.548571,405.051429
17195,133.828571,17,195,IL,Whiteside,347.954286,401.485714,455.017143,481.782857
17197,123.171429,17,197,IL,Will,320.245714,369.514286,418.782857,443.417143
17199,95.228571,17,199,IL,Williamson,247.594286,285.685714,323.777143,342.822857
17201,126.171429,17,201,IL,Winnebago,328.045714,378.514286,428.982857,454.217143
17203,141.142857,17,203,IL,Woodford,366.971429,423.428571,479.885714,508.114286
18001,122.625714,18,001,IN,Adams,318.826857,367.877143,416.927429,441.452571
18003,126.554286,18,003,IN,Allen,329.041143,379.662857,430.284571,455.595429
18005,123.880000,18,005,IN,Bartholomew,322.088000,371.640000,421.192000,445.968000
18007,134.708571,18,007,IN,Benton,350.242286,404.125714,458.009143,484.950857
18009,123.825714,18,009,IN,Blackford,321.946857,371.477143,421.007429,445.772571
18011,134.748571,18,011,IN,Boone,350.346286,404.245714,458.145143,485.094857
18015,141.397143,18,015,IN,Carroll,367.632571,424.191429,480.750286,509.029714
18017,133.585714,18,017,IN,Cass,347.322857,400.757143,454.191429,480.908571
18019,111.357143,18,019,IN,Clark,289.528571,334.071429,378.614286,400.885714
18021,127.708571,18,021,IN,Clay,332.042286,383.125714,434.209143,459.750857
18023,139.634286,18,023,IN,Clinton,363.049143,418.902857,474.756571,502.683429
18027,130.380000,18,027,IN,Daviess,338.988000,391.140000,443.292000,469.368000
18029,110.691429,18,029,IN,Dearborn,287.797714,332.074286,376.350857,398.489143
18031,134.262857,18,031,IN,Decatur,349.083429,402.788571,456.493714,483.346286
18033,113.762857,18,033,IN,De Kalb,295.783429,341.288571,386.793714,409.546286
18035,127.925714,18,035,IN,Delaware,332.606857,383.777143,434.947429,460.532571
18037,120.308571,18,037,IN,Dubois,312.802286,360.925714,409.049143,433.110857
18039,122.434286,18,039,IN,Elkhart,318.329143,367.302857,416.276571,440.763429
18041,126.040000,18,041,IN,Fayette,327.704000,378.120000,428.536000,453.744000
18045,132.322857,18,045,IN,Fountain,344.039429,396.968571,449.897714,476.362286
18047,120.271429,18,047,IN,Franklin,312.705714,360.814286,408.922857,432.977143
18049,121.297143,18,049,IN,Fulton,315.372571,363.891429,412.410286,436.669714
18051,128.728571,18,051,IN,Gibson,334.694286,386.185714,437.677143,463.422857
18053,132.791429,18,053,IN,Grant,345.257714,398.374286,451.490857,478.049143
18055,120.874286,18,055,IN,Greene,314.273143,362.622857,410.972571,435.147429
18057,130.140000,18,057,IN,Hamilton,338.364000,390.420000,442.476000,468.504000
18059,129.917143,18,059,IN,Hancock,337.784571,389.751429,441.718286,467.701714
18061,106.225714,18,061,IN,Harrison,276.186857,318.677143,361.167429,382.412571
18063,132.851429,18,063,IN,Hendricks,345.413714,398.554286,451.694857,478.265143
18065,127.737143,18,065,IN,Henry,332.116571,383.211429,434.306286,459.853714
18067,141.591429,18,067,IN,Howard,368.137714,424.774286,481.410857,509.729143
18069,125.771429,18,069,IN,Huntington,327.005714,377.314286,427.622857,452.777143
18071,114.405714,18,071,IN,Jackson,297.454857,343.217143,388.979429,411.860571
18073,126.577143,18,073,IN,Jasper,329.100571,379.731429,430.362286,455.677714
18075,115.611429,18,075,IN,Jay,300.589714,346.834286,393.078857,416.201143
18079,118.885714,18,079,IN,Jennings,309.102857,356.657143,404.211429,427.988571
18081,128.551429,18,081,IN,Johnson,334.233714,385.654286,437.074857,462.785143
18083,130.925714,18,083,IN,Knox,340.406857,392.777143,445.147429,471.332571
18085,121.774286,18,085,IN,Kosciusko,316.613143,365.322857,414.032571,438.387429
18087,112.151429,18,087,IN,Lagrange,291.593714,336.454286,381.314857,403.745143
18089,122.280000,18,089,IN,Lake,317.928000,366.840000,415.752000,440.208000
18091,124.400000,18,091,IN,La Porte,323.440000,373.200000,422.960000,447.840000
18093,110.202857,18,093,IN,Lawrence,286.527429,330.608571,374.689714,396.730286
18095,134.960000,18,095,IN,Madison,350.896000,404.880000,458.864000,485.856000
18097,125.574286,18,097,IN,Marion,326.493143,376.722857,426.952571,452.067429
18099,120.428571,18,099,IN,Marshall,313.114286,361.285714,409.457143,433.542857
18101,119.657143,18,101,IN,Martin,311.108571,358.971429,406.834286,430.765714
18103,128.740000,18,103,IN,Miami,334.724000,386.220000,437.716000,463.464000
18105,115.860000,18,105,IN,Monroe,301.236000,347.580000,393.924000,417.096000
18107,135.751429,18,107,IN,Montgomery,352.953714,407.254286,461.554857,488.705143
18109,128.857143,18,109,IN,Morgan,335.028571,386.571429,438.114286,463.885714
18111,133.734286,18,111,IN,Newton,347.709143,401.202857,454.696571,481.443429
18113,117.900000,18,113,IN,Noble,306.540000,353.700000,400.860000,424.440000
18117,116.662857,18,117,IN,Orange,303.323429,349.988571,396.653714,419.986286
18119,120.568571,18,119,IN,Owen,313.478286,361.705714,409.933143,434.046857
18121,126.345714,18,121,IN,Parke,328.498857,379.037143,429.575429,454.844571
18123,109.554286,18,123,IN,Perry,284.841143,328.662857,372.484571,394.395429
18125,119.008571,18,125,IN,Pike,309.422286,357.025714,404.629143,428.430857
18127,125.031429,18,127,IN,Porter,325.081714,375.094286,425.106857,450.113143
18129,129.851429,18,129,IN,Posey,337.613714,389.554286,441.494857,467.465143
18131,119.614286,18,131,IN,Pulaski,310.997143,358.842857,406.688571,430.611429
18133,130.251429,18,133,IN,Putnam,338.653714,390.754286,442.854857,468.905143
18135,122.482857,18,135,IN,Randolph,318.455429,367.448571,416.441714,440.938286
18137,117.125714,18,137,IN,Ripley,304.526857,351.377143,398.227429,421.652571
18139,134.454286,18,139,IN,Rush,349.581143,403.362857,457.144571,484.035429
18141,120.362857,18,141,IN,St. Joseph,312.943429,361.088571,409.233714,433.306286
18143,116.537143,18,143,IN,Scott,302.996571,349.611429,396.226286,419.533714
18145,128.360000,18,145,IN,Shelby,333.736000,385.080000,436.424000,462.096000
18147,114.371429,18,147,IN,Spencer,297.365714,343.114286,388.862857,411.737143
18149,113.962857,18,149,IN,Starke,296.303429,341.888571,387.473714,410.266286
18151,111.408571,18,151,IN,Steuben,289.662286,334.225714,378.789143,401.070857
18153,128.437143,18,153,IN,Sullivan,333.936571,385.311429,436.686286,462.373714
18157,132.814286,18,157,IN,Tippecanoe,345.317143,398.442857,451.568571,478.131429
18159,140.451429,18,159,IN,Tipton,365.173714,421.354286,477.534857,505.625143
18161,133.897143,18,161,IN,Union,348.132571,401.691429,455.250286,482.029714
18163,125.677143,18,163,IN,Vanderburgh,326.760571,377.031429,427.302286,452.437714
18165,133.891429,18,165,IN,Vermillion,348.117714,401.674286,455.230857,482.009143
18167,123.520000,18,167,IN,Vigo,321.152000,370.560000,419.968000,444.672000
18169,126.662857,18,169,IN,Wabash,329.323429,379.988571,430.653714,455.986286
18171,133.700000,18,171,IN,Warren,347.620000,401.100000,454.580000,481.320000
18173,115.562857,18,173,IN,Warrick,300.463429,346.688571,392.913714,416.026286
18175,109.617143,18,175,IN,Washington,285.004571,328.851429,372.698286,394.621714
18177,123.962857,18,177,IN,Wayne,322.303429,371.888571,421.473714,446.266286
18179,126.840000,18,179,IN,Wells,329.784000,380.520000,431.256000,456.624000
18181,135.297143,18,181,IN,White,351.772571,405.891429,460.010286,487.069714
18183,120.585714,18,183,IN,Whitley,313.522857,361.757143,409.991429,434.108571
19001,122.825714,19,001,IA,Adair,319.346857,368.477143,417.607429,442.172571
19003,116.817143,19,003,IA,Adams,303.724571,350.451429,397.178286,420.541714
19005,132.417143,19,005,IA,Allamakee,344.284571,397.251429,450.218286,476.701714
19007,107.877143,19,007,IA,Appanoose,280.480571,323.631429,366.782286,388.357714
19009,127.265714,19,009,IA,Audubon,330.890857,381.797143,432.703429,458.156571
19011,132.597143,19,011,IA,Benton,344.752571,397.791429,450.830286,477.349714
19013,135.665714,19,013,IA,Black Hawk,352.730857,406.997143,461.263429,488.396571
19015,139.377143,19,015,IA,Boone,362.380571,418.131429,473.882286,501.757714
19017,139.300000,19,017,IA,Bremer,362.180000,417.900000,473.620000,501.480000
19019,136.757143,19,019,IA,Buchanan,355.568571,410.271429,464.974286,492.325714
19021,137.020000,19,021,IA,Buena Vista,356.252000,411.060000,465.868000,493.272000
19023,135.197143,19,023,IA,Butler,351.512571,405.591429,459.670286,486.709714
19025,138.014286,19,025,IA,Calhoun,358.837143,414.042857,469.248571,496.851429
19027,132.305714,19,027,IA,Carroll,343.994857,396.917143,449.839429,476.300571
19029,126.928571,19,029,IA,Cass,330.014286,380.785714,431.557143,456.942857
19031,142.131429,19,031,IA,Cedar,369.541714,426.394286,483.246857,511.673143
19033,135.228571,19,033,IA,Cerro Gordo,351.594286,405.685714,459.777143,486.822857
19035,137.094286,19,035,IA,Cherokee,356.445143,411.282857,466.120571,493.539429
19037,130.522857,19,037,IA,Chickasaw,339.359429,391.568571,443.777714,469.882286
19039,101.554286,19,039,IA,Clarke,264.041143,304.662857,345.284571,365.595429
19041,134.854286,19,041,IA,Clay,350.621143,404.562857,458.504571,485.475429
19043,136.454286,19,043,IA,Clayton,354.781143,409.362857,463.944571,491.235429
19045,135.488571,19,045,IA,Clinton,352.270286,406.465714,460.661143,487.758857
19047,125.717143,19,047,IA,Crawford,326.864571,377.151429,427.438286,452.581714
19049,133.508571,19,049,IA,Dallas,347.122286,400.525714,453.929143,480.630857
19051,109.617143,19,051,IA,Davis,285.004571,328.851429,372.698286,394.621714
19053,107.705714,19,053,IA,Decatur,280.034857,323.117143,366.199429,387.740571
19055,137.542857,19,055,IA,Delaware,357.611429,412.628571,467.645714,495.154286
19057,132.857143,19,057,IA,Des Moines,345.428571,398.571429,451.714286,478.285714
19059,131.768571,19,059,IA,Dickinson,342.598286,395.305714,448.013143,474.366857
19061,136.282857,19,061,IA,Dubuque,354.335429,408.848571,463.361714,490.618286
19063,137.594286,19,063,IA,Emmet,357.745143,412.782857,467.820571,495.339429
19065,136.545714,19,065,IA,Fayette,355.018857,409.637143,464.255429,491.564571
19067,134.031429,19,067,IA,Floyd,348.481714,402.094286,455.706857,482.513143
19069,139.308571,19,069,IA,Franklin,362.202286,417.925714,473.649143,501.510857
19071,123.262857,19,071,IA,Fremont,320.483429,369.788571,419.093714,443.746286
19073,137.420000,19,073,IA,Greene,357.292000,412.260000,467.228000,494.712000
19075,137.842857,19,075,IA,Grundy,358.391429,413.528571,468.665714,496.234286
19077,125.654286,19,077,IA,Guthrie,326.701143,376.962857,427.224571,452.355429
19079,141.068571,19,079,IA,Hamilton,366.778286,423.205714,479.633143,507.846857
19081,139.217143,19,081,IA,Hancock,361.964571,417.651429,473.338286,501.181714
19083,139.445714,19,083,IA,Hardin,362.558857,418.337143,474.115429,502.004571
19085,125.345714,19,085,IA,Harrison,325.898857,376.037143,426.175429,451.244571
19087,128.268571,19,087,IA,Henry,333.498286,384.805714,436.113143,461.766857
19089,128.448571,19,089,IA,Howard,333.966286,385.345714,436.725143,462.414857
19091,140.622857,19,091,IA,Humboldt,365.619429,421.868571,478.117714,506.242286
19093,132.574286,19,093,IA,Ida,344.693143,397.722857,450.752571,477.267429
19095,128.614286,19,095,IA,Iowa,334.397143,385.842857,437.288571,463.011429
19097,124.802857,19,097,IA,Jackson,324.487429,374.408571,424.329714,449.290286
19099,135.671429,19,099,IA,Jasper,352.745714,407.014286,461.282857,488.417143
19101,119.477143,19,101,IA,Jefferson,310.640571,358.431429,406.222286,430.117714
19103,128.111429,19,103,IA,Johnson,333.089714,384.334286,435.578857,461.201143
19105,134.868571,19,105,IA,Jones,350.658286,404.605714,458.553143,485.526857
19107,124.751429,19,107,IA,Keokuk,324.353714,374.254286,424.154857,449.105143
19109,141.511429,19,109,IA,Kossuth,367.929714,424.534286,481.138857,509.441143
19111,120.697143,19,111,IA,Lee,313.812571,362.091429,410.370286,434.509714
19113,132.262857,19,113,IA,Linn,343.883429,396.788571,449.693714,476.146286
19115,127.325714,19,115,IA,Louisa,331.046857,381.977143,432.907429,458.372571
19117,104.208571,19,117,IA,Lucas,270.942286,312.625714,354.309143,375.150857
19119,129.751429,19,119,IA,Lyon,337.353714,389.254286,441.154857,467.105143
19121,121.180000,19,121,IA,Madison,315.068000,363.540000,412.012000,436.248000
19123,128.542857,19,123,IA,Mahaska,334.211429,385.628571,437.045714,462.754286
19125,122.488571,19,125,IA,Marion,318.470286,367.465714,416.461143,440.958857
19127,137.922857,19,127,IA,Marshall,358.599429,413.768571,468.937714,496.522286
19129,123.994286,19,129,IA,Mills,322.385143,371.982857,421.580571,446.379429
19131,134.920000,19,131,IA,Mitchell,350.792000,404.760000,458.728000,485.712000
19133,118.182857,19,133,IA,Monona,307.275429,354.548571,401.821714,425.458286
19135,109.742857,19,135,IA,Monroe,285.331429,329.228571,373.125714,395.074286
19137,123.380000,19,137,IA,Montgomery,320.788000,370.140000,419.492000,444.168000
19139,131.182857,19,139,IA,Muscatine,341.075429,393.548571,446.021714,472.258286
19141,139.868571,19,141,IA,O Brien,363.658286,419.605714,475.553143,503.526857
19143,135.020000,19,143,IA,Osceola,351.052000,405.060000,459.068000,486.072000
19145,116.577143,19,145,IA,Page,303.100571,349.731429,396.362286,419.677714
19147,136.494286,19,147,IA,Palo Alto,354.885143,409.482857,464.080571,491.379429
19149,126.585714,19,149,IA,Plymouth,329.122857,379.757143,430.391429,455.708571
19151,139.411429,19,151,IA,Pocahontas,362.469714,418.234286,473.998857,501.881143
19153,136.071429,19,153,IA,Polk,353.785714,408.214286,462.642857,489.857143
19155,129.740000,19,155,IA,Pottawattamie,337.324000,389.220000,441.116000,467.064000
19157,131.065714,19,157,IA,Poweshiek,340.770857,393.197143,445.623429,471.836571
19159,103.251429,19,159,IA,Ringgold,268.453714,309.754286,351.054857,371.705143
19161,132.868571,19,161,IA,Sac,345.458286,398.605714,451.753143,478.326857
19163,143.377143,19,163,IA,Scott,372.780571,430.131429,487.482286,516.157714
19165,128.694286,19,165,IA,Shelby,334.605143,386.082857,437.560571,463.299429
19167,135.428571,19,167,IA,Sioux,352.114286,406.285714,460.457143,487.542857
19169,138.322857,19,169,IA,Story,359.639429,414.968571,470.297714,497.962286
19171,134.657143,19,171,IA,Tama,350.108571,403.971429,457.834286,484.765714
19173,106.305714,19,173,IA,Taylor,276.394857,318.917143,361.439429,382.700571
19175,112.457143,19,175,IA,Union,292.388571,337.371429,382.354286,404.845714
19177,109.862857,19,177,IA,Van Buren,285.643429,329.588571,373.533714,395.506286
19179,120.674286,19,179,IA,Wapello,313.753143,362.022857,410.292571,434.427429
19181,121.574286,19,181,IA,Warren,316.093143,364.722857,413.352571,437.667429
19183,130.434286,19,183,IA,Washington,339.129143,391.302857,443.476571,469.563429
19185,104.845714,19,185,IA,Wayne,272.598857,314.537143,356.475429,377.444571
19187,142.528571,19,187,IA,Webster,370.574286,427.585714,484.597143,513.102857
19189,137.282857,19,189,IA,Winnebago,356.935429,411.848571,466.761714,494.218286
19191,131.957143,19,191,IA,Winneshiek,343.088571,395.871429,448.654286,475.045714
19193,121.225714,19,193,IA,Woodbury,315.186857,363.677143,412.167429,436.412571
19195,135.737143,19,195,IA,Worth,352.916571,407.211429,461.506286,488.653714
19197,141.225714,19,197,IA,Wright,367.186857,423.677143,480.167429,508.412571
26005,107.417143,26,005,MI,Allegan,279.284571,322.251429,365.218286,386.701714
26007,84.231429,26,007,MI,Alpena,219.001714,252.694286,286.386857,303.233143
26011,107.137143,26,011,MI,Arenac,278.556571,321.411429,364.266286,385.693714
26015,106.642857,26,015,MI,Barry,277.271429,319.928571,362.585714,383.914286
26017,117.200000,26,017,MI,Bay,304.720000,351.600000,398.480000,421.920000
26021,106.940000,26,021,MI,Berrien,278.044000,320.820000,363.596000,384.984000
26023,111.611429,26,023,MI,Branch,290.189714,334.834286,379.478857,401.801143
26025,103.545714,26,025,MI,Calhoun,269.218857,310.637143,352.055429,372.764571
26027,108.382857,26,027,MI,Cass,281.795429,325.148571,368.501714,390.178286
26037,108.814286,26,037,MI,Clinton,282.917143,326.442857,369.968571,391.731429
26045,112.077143,26,045,MI,Eaton,291.400571,336.231429,381.062286,403.477714
26049,99.760000,26,049,MI,Genesee,259.376000,299.280000,339.184000,359.136000
26055,80.120000,26,055,MI,Grand Traverse,208.312000,240.360000,272.408000,288.432000
26057,114.800000,26,057,MI,Gratiot,298.480000,344.400000,390.320000,413.280000
26059,106.117143,26,059,MI,Hillsdale,275.904571,318.351429,360.798286,382.021714
26063,120.377143,26,063,MI,Huron,312.980571,361.131429,409.282286,433.357714
26065,108.837143,26,065,MI,Ingham,282.976571,326.511429,370.046286,391.813714
26067,112.694286,26,067,MI,Ionia,293.005143,338.082857,383.160571,405.699429
26073,98.914286,26,073,MI,Isabella,257.177143,296.742857,336.308571,356.091429
26075,100.031429,26,075,MI,Jackson,260.081714,300.094286,340.106857,360.113143
26077,106.965714,26,077,MI,Kalamazoo,278.110857,320.897143,363.683429,385.076571
26081,104.914286,26,081,MI,Kent,272.777143,314.742857,356.708571,377.691429
26087,106.340000,26,087,MI,Lapeer,276.484000,319.020000,361.556000,382.824000
26091,118.962857,26,091,MI,Lenawee,309.303429,356.888571,404.473714,428.266286
26093,100.685714,26,093,MI,Livingston,261.782857,302.057143,342.331429,362.468571
26099,108.340000,26,099,MI,Macomb,281.684000,325.020000,368.356000,390.024000
26107,91.634286,26,107,MI,Mecosta,238.249143,274.902857,311.556571,329.883429
26111,112.080000,26,111,MI,Midland,291.408000,336.240000,381.072000,403.488000
26113,95.845714,26,113,MI,Missaukee,249.198857,287.537143,325.875429,345.044571
26115,121.140000,26,115,MI,Monroe,314.964000,363.420000,411.876000,436.104000
26117,101.277143,26,117,MI,Montcalm,263.320571,303.831429,344.342286,364.597714
26123,91.345714,26,123,MI,Newaygo,237.498857,274.037143,310.575429,328.844571
26129,97.802857,26,129,MI,Ogemaw,254.287429,293.408571,332.529714,352.090286
26139,102.328571,26,139,MI,Ottawa,266.054286,306.985714,347.917143,368.382857
26145,115.971429,26,145,MI,Saginaw,301.525714,347.914286,394.302857,417.497143
26147,105.488571,26,147,MI,St Clair,274.270286,316.465714,358.661143,379.758857
26149,115.168571,26,149,MI,St Joseph,299.438286,345.505714,391.573143,414.606857
26151,115.142857,26,151,MI,Sanilac,299.371429,345.428571,391.485714,414.514286
26155,103.231429,26,155,MI,Shiawassee,268.401714,309.694286,350.986857,371.633143
26157,117.554286,26,157,MI,Tuscola,305.641143,352.662857,399.684571,423.195429
26159,100.091429,26,159,MI,Van Buren,260.237714,300.274286,340.310857,360.329143
26161,102.851429,26,161,MI,Washtenaw,267.413714,308.554286,349.694857,370.265143
27003,92.891429,27,003,MN,Anoka,241.517714,278.674286,315.830857,334.409143
27009,99.794286,27,009,MN,Benton,259.465143,299.382857,339.300571,359.259429
27011,106.122857,27,011,MN,Big Stone,275.919429,318.368571,360.817714,382.042286
27013,135.234286,27,013,MN,Blue Earth,351.609143,405.702857,459.796571,486.843429
27015,131.205714,27,015,MN,Brown,341.134857,393.617143,446.099429,472.340571
27019,128.471429,27,019,MN,Carver,334.025714,385.414286,436.802857,462.497143
27023,119.297143,27,023,MN,Chippewa,310.172571,357.891429,405.610286,429.469714
27025,97.417143,27,025,MN,Chisago,253.284571,292.251429,331.218286,350.701714
27027,92.997143,27,027,MN,Clay,241.792571,278.991429,316.190286,334.789714
27033,128.165714,27,033,MN,Cottonwood,333.230857,384.497143,435.763429,461.396571
27037,129.737143,27,037,MN,Dakota,337.316571,389.211429,441.106286,467.053714
27039,134.465714,27,039,MN,Dodge,349.610857,403.397143,457.183429,484.076571
27041,95.980000,27,041,MN,Douglas,249.548000,287.940000,326.332000,345.528000
27043,140.457143,27,043,MN,Faribault,365.188571,421.371429,477.554286,505.645714
27045,132.088571,27,045,MN,Fillmore,343.430286,396.265714,449.101143,475.518857
27047,136.402857,27,047,MN,Freeborn,354.647429,409.208571,463.769714,491.050286
27049,135.408571,27,049,MN,Goodhue,352.062286,406.225714,460.389143,487.470857
27051,110.471429,27,051,MN,Grant,287.225714,331.414286,375.602857,397.697143
27053,114.808571,27,053,MN,Hennepin,298.502286,344.425714,390.349143,413.310857
27055,135.071429,27,055,MN,Houston,351.185714,405.214286,459.242857,486.257143
27059,97.002857,27,059,MN,Isanti,252.207429,291.008571,329.809714,349.210286
27063,130.340000,27,063,MN,Jackson,338.884000,391.020000,443.156000,469.224000
27065,89.022857,27,065,MN,Kanabec,231.459429,267.068571,302.677714,320.482286
27067,121.348571,27,067,MN,Kandiyohi,315.506286,364.045714,412.585143,436.854857
27073,109.742857,27,073,MN,Lac Qui Parle,285.331429,329.228571,373.125714,395.074286
27079,130.311429,27,079,MN,Le Sueur,338.809714,390.934286,443.058857,469.121143
27081,106.817143,27,081,MN,Lincoln,277.724571,320.451429,363.178286,384.541714
27083,116.434286,27,083,MN,Lyon,302.729143,349.302857,395.876571,419.163429
27085,129.354286,27,085,MN,Mcleod,336.321143,388.062857,439.804571,465.675429
27091,139.694286,27,091,MN,Martin,363.205143,419.082857,474.960571,502.899429
27093,117.437143,27,093,MN,Meeker,305.336571,352.311429,399.286286,422.773714
27095,94.214286,27,095,MN,Mille Lacs,244.957143,282.642857,320.328571,339.171429
27097,89.325714,27,097,MN,Morrison,232.246857,267.977143,303.707429,321.572571
27099,132.765714,27,099,MN,Mower,345.190857,398.297143,451.403429,477.956571
27101,118.480000,27,101,MN,Murray,308.048000,355.440000,402.832000,426.528000
27103,137.288571,27,103,MN,Nicollet,356.950286,411.865714,466.781143,494.238857
27105,120.974286,27,105,MN,Nobles,314.533143,362.922857,411.312571,435.507429
27107,84.971429,27,107,MN,Norman,220.925714,254.914286,288.902857,305.897143
27109,132.397143,27,109,MN,Olmsted,344.232571,397.191429,450.150286,476.629714
27111,96.200000,27,111,MN,Otter Tail,250.120000,288.600000,327.080000,346.320000
27115,90.305714,27,115,MN,Pine,234.794857,270.917143,307.039429,325.100571
27117,108.288571,27,117,MN,Pipestone,281.550286,324.865714,368.181143,389.838857
27121,111.505714,27,121,MN,Pope,289.914857,334.517143,379.119429,401.420571
27125,79.491429,27,125,MN,Red Lake,206.677714,238.474286,270.270857,286.169143
27127,127.374286,27,127,MN,Redwood,331.173143,382.122857,433.072571,458.547429
27129,130.802857,27,129,MN,Renville,340.087429,392.408571,444.729714,470.890286
27131,131.971429,27,131,MN,Rice,343.125714,395.914286,448.702857,475.097143
27133,123.551429,27,133,MN,Rock,321.233714,370.654286,420.074857,444.785143
27139,127.228571,27,139,MN,Scott,330.794286,381.685714,432.577143,458.022857
27141,110.222857,27,141,MN,Sherburne,286.579429,330.668571,374.757714,396.802286
27143,134.651429,27,143,MN,Sibley,350.093714,403.954286,457.814857,484.745143
27145,107.477143,27,145,MN,Stearns,279.440571,322.431429,365.422286,386.917714
27147,132.014286,27,147,MN,Steele,343.237143,396.042857,448.848571,475.251429
27149,118.934286,27,149,MN,Stevens,309.229143,356.802857,404.376571,428.163429
27151,118.785714,27,151,MN,Swift,308.842857,356.357143,403.871429,427.628571
27153,90.140000,27,153,MN,Todd,234.364000,270.420000,306.476000,324.504000
27155,105.891429,27,155,MN,Traverse,275.317714,317.674286,360.030857,381.209143
27157,137.454286,27,157,MN,Wabasha,357.381143,412.362857,467.344571,494.835429
27159,86.020000,27,159,MN,Wadena,223.652000,258.060000,292.468000,309.672000
27161,137.300000,27,161,MN,Waseca,356.980000,411.900000,466.820000,494.280000
27163,118.168571,27,163,MN,Washington,307.238286,354.505714,401.773143,425.406857
27165,137.162857,27,165,MN,Watonwan,356.623429,411.488571,466.353714,493.786286
27167,95.697143,27,167,MN,Wilkin,248.812571,287.091429,325.370286,344.509714
27169,136.768571,27,169,MN,Winona,355.598286,410.305714,465.013143,492.366857
27171,112.957143,27,171,MN,Wright,293.688571,338.871429,384.054286,406.645714
27173,115.988571,27,173,MN,Yellow Medicine,301.570286,347.965714,394.361143,417.558857
31001,145.294286,31,001,NE,Adams,377.765143,435.882857,494.000571,523.059429
31003,127.120000,31,003,NE,Antelope,330.512000,381.360000,432.208000,457.632000
31011,122.202857,31,011,NE,Boone,317.727429,366.608571,415.489714,439.930286
31013,128.120000,31,013,NE,Box Butte,333.112000,384.360000,435.608000,461.232000
31015,73.745714,31,015,NE,Boyd,191.738857,221.237143,250.735429,265.484571
31017,135.228571,31,017,NE,Brown,351.594286,405.685714,459.777143,486.822857
31019,145.380000,31,019,NE,Buffalo,377.988000,436.140000,494.292000,523.368000
31021,117.471429,31,021,NE,Burt,305.425714,352.414286,399.402857,422.897143
31023,124.497143,31,023,NE,Butler,323.692571,373.491429,423.290286,448.189714
31025,107.228571,31,025,NE,Cass,278.794286,321.685714,364.577143,386.022857
31027,103.917143,31,027,NE,Cedar,270.184571,311.751429,353.318286,374.101714
31029,145.740000,31,029,NE,Chase,378.924000,437.220000,495.516000,524.664000
31031,130.317143,31,031,NE,Cherry,338.824571,390.951429,443.078286,469.141714
31035,144.854286,31,035,NE,Clay,376.621143,434.562857,492.504571,521.475429
31037,120.402857,31,037,NE,Colfax,313.047429,361.208571,409.369714,433.450286
31039,113.525714,31,039,NE,Cuming,295.166857,340.577143,385.987429,408.692571
31041,128.971429,31,041,NE,Custer,335.325714,386.914286,438.502857,464.297143
31043,115.748571,31,043,NE,Dakota,300.946286,347.245714,393.545143,416.694857
31047,149.934286,31,047,NE,Dawson,389.829143,449.802857,509.776571,539.763429
31049,127.194286,31,049,NE,Deuel,330.705143,381.582857,432.460571,457.899429
31051,101.637143,31,051,NE,Dixon,264.256571,304.911429,345.566286,365.893714
31053,120.785714,31,053,NE,Dodge,314.042857,362.357143,410.671429,434.828571
31055,115.780000,31,055,NE,Douglas,301.028000,347.340000,393.652000,416.808000
31057,131.517143,31,057,NE,Dundy,341.944571,394.551429,447.158286,473.461714
31059,143.448571,31,059,NE,Fillmore,372.966286,430.345714,487.725143,516.414857
31061,142.160000,31,061,NE,Franklin,369.616000,426.480000,483.344000,511.776000
31063,122.700000,31,063,NE,Frontier,319.020000,368.100000,417.180000,441.720000
31065,114.037143,31,065,NE,Furnas,296.496571,342.111429,387.726286,410.533714
31067,113.702857,31,067,NE,Gage,295.627429,341.108571,386.589714,409.330286
31069,124.494286,31,069,NE,Garden,323.685143,373.482857,423.280571,448.179429
31071,122.877143,31,071,NE,Garfield,319.480571,368.631429,417.782286,442.357714
31073,143.008571,31,073,NE,Gosper,371.822286,429.025714,486.229143,514.830857
31077,122.037143,31,077,NE,Greeley,317.296571,366.111429,414.926286,439.333714
31079,145.774286,31,079,NE,Hall,379.013143,437.322857,495.632571,524.787429
31081,150.697143,31,081,NE,Hamilton,391.812571,452.091429,512.370286,542.509714
31083,135.245714,31,083,NE,Harlan,351.638857,405.737143,459.835429,486.884571
31085,112.474286,31,085,NE,Hayes,292.433143,337.422857,382.412571,404.907429
31087,114.440000,31,087,NE,Hitchcock,297.544000,343.320000,389.096000,411.984000
31089,142.742857,31,089,NE,Holt,371.131429,428.228571,485.325714,513.874286
31093,129.685714,31,093,NE,Howard,337.182857,389.057143,440.931429,466.868571
31095,129.268571,31,095,NE,Jefferson,336.098286,387.805714,439.513143,465.366857
31097,100.277143,31,097,NE,Johnson,260.720571,300.831429,340.942286,360.997714
31099,152.257143,31,099,NE,Kearney,395.868571,456.771429,517.674286,548.125714
31101,134.757143,31,101,NE,Keith,350.368571,404.271429,458.174286,485.125714
31103,107.582857,31,103,NE,Keya Paha,279.715429,322.748571,365.781714,387.298286
31107,97.020000,31,107,NE,Knox,252.252000,291.060000,329.868000,349.272000
31109,106.448571,31,109,NE,Lancaster,276.766286,319.345714,361.925143,383.214857
31111,137.562857,31,111,NE,Lincoln,357.663429,412.688571,467.713714,495.226286
31113,116.522857,31,113,NE,Logan,302.959429,349.568571,396.177714,419.482286
31119,114.842857,31,119,NE,Madison,298.591429,344.528571,390.465714,413.434286
31121,135.545714,31,121,NE,Merrick,352.418857,406.637143,460.855429,487.964571
31123,131.117143,31,123,NE,Morrill,340.904571,393.351429,445.798286,472.021714
31125,119.465714,31,125,NE,Nance,310.610857,358.397143,406.183429,430.076571
31127,100.714286,31,127,NE,Nemaha,261.857143,302.142857,342.428571,362.571429
31129,133.928571,31,129,NE,Nuckolls,348.214286,401.785714,455.357143,482.142857
31131,99.191429,31,131,NE,Otoe,257.897714,297.574286,337.250857,357.089143
31133,88.057143,31,133,NE,Pawnee,228.948571,264.171429,299.394286,317.005714
31135,134.777143,31,135,NE,Perkins,350.420571,404.331429,458.242286,485.197714
31137,157.694286,31,137,NE,Phelps,410.005143,473.082857,536.160571,567.699429
31139,117.588571,31,139,NE,Pierce,305.730286,352.765714,399.801143,423.318857
31141,126.225714,31,141,NE,Platte,328.186857,378.677143,429.167429,454.412571
31143,137.317143,31,143,NE,Polk,357.024571,411.951429,466.878286,494.341714
31145,119.825714,31,145,NE,Red Willow,311.546857,359.477143,407.407429,431.372571
31147,102.862857,31,147,NE,Richardson,267.443429,308.588571,349.733714,370.306286
31149,135.311429,31,149,NE,Rock,351.809714,405.934286,460.058857,487.121143
31151,128.122857,31,151,NE,Saline,333.119429,384.368571,435.617714,461.242286
31153,108.680000,31,153,NE,Sarpy,282.568000,326.040000,369.512000,391.248000
31155,114.991429,31,155,NE,Saunders,298.977714,344.974286,390.970857,413.969143
31157,129.731429,31,157,NE,Scotts Bluff,337.301714,389.194286,441.086857,467.033143
31159,132.140000,31,159,NE,Seward,343.564000,396.420000,449.276000,475.704000
31161,119.234286,31,161,NE,Sheridan,310.009143,357.702857,405.396571,429.243429
31163,128.454286,31,163,NE,Sherman,333.981143,385.362857,436.744571,462.435429
31165,126.760000,31,165,NE,Sioux,329.576000,380.280000,430.984000,456.336000
31167,107.540000,31,167,NE,Stanton,279.604000,322.620000,365.636000,387.144000
31169,142.054286,31,169,NE,Thayer,369.341143,426.162857,482.984571,511.395429
31173,109.337143,31,173,NE,Thurston,284.276571,328.011429,371.746286,393.613714
31175,130.280000,31,175,NE,Valley,338.728000,390.840000,442.952000,469.008000
31177,114.642857,31,177,NE,Washington,298.071429,343.928571,389.785714,412.714286
31179,106.462857,31,179,NE,Wayne,276.803429,319.388571,361.973714,383.266286
31181,128.388571,31,181,NE,Webster,333.810286,385.165714,436.521143,462.198857
31183,129.414286,31,183,NE,Wheeler,336.477143,388.242857,440.008571,465.891429
31185,148.474286,31,185,NE,York,386.033143,445.422857,504.812571,534.507429
39001,101.737143,39,001,OH,Adams,264.516571,305.211429,345.906286,366.253714
39003,126.494286,39,003,OH,Allen,328.885143,379.482857,430.080571,455.379429
39005,111.551429,39,005,OH,Ashland,290.033714,334.654286,379.274857,401.585143
39007,107.554286,39,007,OH,Ashtabula,279.641143,322.662857,365.684571,387.195429
39009,102.654286,39,009,OH,Athens,266.901143,307.962857,349.024571,369.555429
39011,122.974286,39,011,OH,Auglaize,319.733143,368.922857,418.112571,442.707429
39015,113.182857,39,015,OH,Brown,294.275429,339.548571,384.821714,407.458286
39017,116.325714,39,017,OH,Butler,302.446857,348.977143,395.507429,418.772571
39021,126.965714,39,021,OH,Champaign,330.110857,380.897143,431.683429,457.076571
39023,130.411429,39,023,OH,Clark,339.069714,391.234286,443.398857,469.481143
39025,113.105714,39,025,OH,Clermont,294.074857,339.317143,384.559429,407.180571
39027,131.742857,39,027,OH,Clinton,342.531429,395.228571,447.925714,474.274286
39029,110.791429,39,029,OH,Columbiana,288.057714,332.374286,376.690857,398.849143
39031,122.634286,39,031,OH,Coshocton,318.849143,367.902857,416.956571,441.483429
39033,130.005714,39,033,OH,Crawford,338.014857,390.017143,442.019429,468.020571
39037,127.928571,39,037,OH,Darke,332.614286,383.785714,434.957143,460.542857
39039,118.920000,39,039,OH,Defiance,309.192000,356.760000,404.328000,428.112000
39041,118.888571,39,041,OH,Delaware,309.110286,356.665714,404.221143,427.998857
39043,128.262857,39,043,OH,Erie,333.483429,384.788571,436.093714,461.746286
39045,121.940000,39,045,OH,Fairfield,317.044000,365.820000,414.596000,438.984000
39047,126.760000,39,047,OH,Fayette,329.576000,380.280000,430.984000,456.336000
39049,116.220000,39,049,OH,Franklin,302.172000,348.660000,395.148000,418.392000
39051,131.751429,39,051,OH,Fulton,342.553714,395.254286,447.954857,474.305143
39057,129.905714,39,057,OH,Greene,337.754857,389.717143,441.679429,467.660571
39061,116.151429,39,061,OH,Hamilton,301.993714,348.454286,394.914857,418.145143
39063,126.022857,39,063,OH,Hancock,327.659429,378.068571,428.477714,453.682286
39065,123.234286,39,065,OH,Hardin,320.409143,369.702857,418.996571,443.643429
39067,96.382857,39,067,OH,Harrison,250.595429,289.148571,327.701714,346.978286
39069,134.551429,39,069,OH,Henry,349.833714,403.654286,457.474857,484.385143
39071,118.548571,39,071,OH,Highland,308.226286,355.645714,403.065143,426.774857
39075,114.277143,39,075,OH,Holmes,297.120571,342.831429,388.542286,411.397714
39077,123.237143,39,077,OH,Huron,320.416571,369.711429,419.006286,443.653714
39083,118.051429,39,083,OH,Knox,306.933714,354.154286,401.374857,424.985143
39089,117.497143,39,089,OH,Licking,305.492571,352.491429,399.490286,422.989714
39091,121.594286,39,091,OH,Logan,316.145143,364.782857,413.420571,437.739429
39093,111.965714,39,093,OH,Lorain,291.110857,335.897143,380.683429,403.076571
39095,133.317143,39,095,OH,Lucas,346.624571,399.951429,453.278286,479.941714
39097,128.300000,39,097,OH,Madison,333.580000,384.900000,436.220000,461.880000
39099,108.208571,39,099,OH,Mahoning,281.342286,324.625714,367.909143,389.550857
39101,122.811429,39,101,OH,Marion,319.309714,368.434286,417.558857,442.121143
39103,109.337143,39,103,OH,Medina,284.276571,328.011429,371.746286,393.613714
39107,126.737143,39,107,OH,Mercer,329.516571,380.211429,430.906286,456.253714
39109,128.797143,39,109,OH,Miami,334.872571,386.391429,437.910286,463.669714
39113,120.862857,39,113,OH,Montgomery,314.243429,362.588571,410.933714,435.106286
39115,105.351429,39,115,OH,Morgan,273.913714,316.054286,358.194857,379.265143
39117,116.805714,39,117,OH,Morrow,303.694857,350.417143,397.139429,420.500571
39119,116.277143,39,119,OH,Muskingum,302.320571,348.831429,395.342286,418.597714
39123,121.354286,39,123,OH,Ottawa,315.521143,364.062857,412.604571,436.875429
39125,123.094286,39,125,OH,Paulding,320.045143,369.282857,418.520571,443.139429
39127,117.285714,39,127,OH,Perry,304.942857,351.857143,398.771429,422.228571
39129,119.497143,39,129,OH,Pickaway,310.692571,358.491429,406.290286,430.189714
39135,127.202857,39,135,OH,Preble,330.727429,381.608571,432.489714,457.930286
39137,126.288571,39,137,OH,Putnam,328.350286,378.865714,429.381143,454.638857
39139,116.965714,39,139,OH,Richland,304.110857,350.897143,397.683429,421.076571
39141,118.171429,39,141,OH,Ross,307.245714,354.514286,401.782857,425.417143
39143,129.517143,39,143,OH,Sandusky,336.744571,388.551429,440.358286,466.261714
39147,123.631429,39,147,OH,Seneca,321.441714,370.894286,420.346857,445.073143
39149,124.734286,39,149,OH,Shelby,324.309143,374.202857,424.096571,449.043429
39151,111.291429,39,151,OH,Stark,289.357714,333.874286,378.390857,400.649143
39155,114.462857,39,155,OH,Trumbull,297.603429,343.388571,389.173714,412.066286
39157,111.985714,39,157,OH,Tuscarawas,291.162857,335.957143,380.751429,403.148571
39159,122.071429,39,159,OH,Union,317.385714,366.214286,415.042857,439.457143
39161,130.534286,39,161,OH,Van Wert,339.389143,391.602857,443.816571,469.923429
39165,122.494286,39,165,OH,Warren,318.485143,367.482857,416.480571,440.979429
39167,108.860000,39,167,OH,Washington,283.036000,326.580000,370.124000,391.896000
39169,116.845714,39,169,OH,Wayne,303.798857,350.537143,397.275429,420.644571
39171,117.611429,39,171,OH,Williams,305.789714,352.834286,399.878857,423.401143
39173,127.665714,39,173,OH,Wood,331.930857,382.997143,434.063429,459.596571
39175,124.585714,39,175,OH,Wyandot,323.922857,373.757143,423.591429,448.508571
55001,104.374286,55,001,WI,Adams,271.373143,313.122857,354.872571,375.747429
55005,101.982857,55,005,WI,Barron,265.155429,305.948571,346.741714,367.138286
55009,109.942857,55,009,WI,Brown,285.851429,329.828571,373.805714,395.794286
55011,120.514286,55,011,WI,Buffalo,313.337143,361.542857,409.748571,433.851429
55013,89.594286,55,013,WI,Burnett,232.945143,268.782857,304.620571,322.539429
55015,116.602857,55,015,WI,Calumet,303.167429,349.808571,396.449714,419.770286
55017,106.357143,55,017,WI,Chippewa,276.528571,319.071429,361.614286,382.885714
55019,102.434286,55,019,WI,Clark,266.329143,307.302857,348.276571,368.763429
55021,124.105714,55,021,WI,Columbia,322.674857,372.317143,421.959429,446.780571
55023,118.994286,55,023,WI,Crawford,309.385143,356.982857,404.580571,428.379429
55025,125.674286,55,025,WI,Dane,326.753143,377.022857,427.292571,452.427429
55027,123.937143,55,027,WI,Dodge,322.236571,371.811429,421.386286,446.173714
55029,101.908571,55,029,WI,Door,264.962286,305.725714,346.489143,366.870857
55033,112.397143,55,033,WI,Dunn,292.232571,337.191429,382.150286,404.629714
55035,111.865714,55,035,WI,Eau Claire,290.850857,335.597143,380.343429,402.716571
55039,120.485714,55,039,WI,Fond Du Lac,313.262857,361.457143,409.651429,433.748571
55043,130.077143,55,043,WI,Grant,338.200571,390.231429,442.262286,468.277714
55045,122.631429,55,045,WI,Green,318.841714,367.894286,416.946857,441.473143
55047,115.102857,55,047,WI,Green Lake,299.267429,345.308571,391.349714,414.370286
55049,121.160000,55,049,WI,Iowa,315.016000,363.480000,411.944000,436.176000
55053,114.365714,55,053,WI,Jackson,297.350857,343.097143,388.843429,411.716571
55055,118.277143,55,055,WI,Jefferson,307.520571,354.831429,402.142286,425.797714
55057,111.300000,55,057,WI,Juneau,289.380000,333.900000,378.420000,400.680000
55059,118.685714,55,059,WI,Kenosha,308.582857,356.057143,403.531429,427.268571
55061,111.842857,55,061,WI,Kewaunee,290.791429,335.528571,380.265714,402.634286
55063,123.265714,55,063,WI,La Crosse,320.490857,369.797143,419.103429,443.756571
55065,132.182857,55,065,WI,Lafayette,343.675429,396.548571,449.421714,475.858286
55069,94.214286,55,069,WI,Lincoln,244.957143,282.642857,320.328571,339.171429
55071,113.202857,55,071,WI,Manitowoc,294.327429,339.608571,384.889714,407.530286
55073,101.502857,55,073,WI,Marathon,263.907429,304.508571,345.109714,365.410286
55075,95.591429,55,075,WI,Marinette,248.537714,286.774286,325.010857,344.129143
55077,99.068571,55,077,WI,Marquette,257.578286,297.205714,336.833143,356.646857
55081,117.331429,55,081,WI,Monroe,305.061714,351.994286,398.926857,422.393143
55083,101.794286,55,083,WI,Oconto,264.665143,305.382857,346.100571,366.459429
55087,114.748571,55,087,WI,Outagamie,298.346286,344.245714,390.145143,413.094857
55091,117.471429,55,091,WI,Pepin,305.425714,352.414286,399.402857,422.897143
55093,117.548571,55,093,WI,Pierce,305.626286,352.645714,399.665143,423.174857
55095,102.534286,55,095,WI,Polk,266.589143,307.602857,348.616571,369.123429
55097,114.317143,55,097,WI,Portage,297.224571,342.951429,388.678286,411.541714
55099,94.625714,55,099,WI,Price,246.026857,283.877143,321.727429,340.652571
55101,118.248571,55,101,WI,Racine,307.446286,354.745714,402.045143,425.694857
55103,118.711429,55,103,WI,Richland,308.649714,356.134286,403.618857,427.361143
55105,124.862857,55,105,WI,Rock,324.643429,374.588571,424.533714,449.506286
55107,95.560000,55,107,WI,Rusk,248.456000,286.680000,324.904000,344.016000
55109,109.617143,55,109,WI,St Croix,285.004571,328.851429,372.698286,394.621714
55111,119.200000,55,111,WI,Sauk,309.920000,357.600000,405.280000,429.120000
55115,107.445714,55,115,WI,Shawano,279.358857,322.337143,365.315429,386.804571
55117,108.977143,55,117,WI,Sheboygan,283.340571,326.931429,370.522286,392.317714
55119,98.568571,55,119,WI,Taylor,256.278286,295.705714,335.133143,354.846857
55121,116.134286,55,121,WI,Trempealeau,301.949143,348.402857,394.856571,418.083429
55123,120.611429,55,123,WI,Vernon,313.589714,361.834286,410.078857,434.201143
55127,120.122857,55,127,WI,Walworth,312.319429,360.368571,408.417714,432.442286
55129,90.022857,55,129,WI,Washburn,234.059429,270.068571,306.077714,324.082286
55131,113.128571,55,131,WI,Washington,294.134286,339.385714,384.637143,407.262857
55133,112.065714,55,133,WI,Waukesha,291.370857,336.197143,381.023429,403.436571
55135,109.528571,55,135,WI,Waupaca,284.774286,328.585714,372.397143,394.302857
55137,110.854286,55,137,WI,Waushara,288.221143,332.562857,376.904571,399.075429
55139,108.862857,55,139,WI,Winnebago,283.043429,326.588571,370.133714,391.906286
55141,106.362857,55,141,WI,Wood,276.543429,319.088571,361.633714,382.906286
