fips5,alpha_c,beta_c,n_obs,trend_window,state_fips,county_fips,state_alpha,county_name
17001,83.471429,2.427731,35,1975_2009,17,001,IL,Adams
17003,71.433333,2.451821,35,1975_2009,17,003,IL,Alexander
17005,75.866667,1.890196,35,1975_2009,17,005,IL,Bond
17007,103.090476,1.576190,35,1975_2009,17,007,IL,Boone
17009,88.095238,2.026331,35,1975_2009,17,009,IL,Brown
17011,104.376190,2.114006,35,1975_2009,17,011,IL,Bureau
17013,84.138095,2.138095,35,1975_2009,17,013,IL,Calhoun
17015,97.352381,2.491877,35,1975_2009,17,015,IL,Carroll
17017,105.633333,2.082073,35,1975_2009,17,017,IL,Cass
17019,112.700000,1.778992,35,1975_2009,17,019,IL,Champaign
17021,116.114286,1.971429,35,1975_2009,17,021,IL,Christian
17023,99.371429,1.779832,35,1975_2009,17,023,IL,Clark
17025,73.590476,1.603922,35,1975_2009,17,025,IL,Clay
17027,72.033333,2.159384,35,1975_2009,17,027,IL,Clinton
17029,111.633333,1.750980,35,1975_2009,17,029,IL,Coles
17033,92.147619,1.545938,35,1975_2009,17,033,IL,Crawford
17035,95.714286,1.820168,35,1975_2009,17,035,IL,Cumberland
17037,115.347619,1.641737,35,1975_2009,17,037,IL,De Kalb
17039,111.657143,1.927731,35,1975_2009,17,039,IL,De Witt
17041,112.838095,1.562465,35,1975_2009,17,041,IL,Douglas
17045,111.952381,1.641457,35,1975_2009,17,045,IL,Edgar
17047,84.190476,1.508123,35,1975_2009,17,047,IL,Edwards
17049,86.052381,1.818768,35,1975_2009,17,049,IL,Effingham
17051,78.057143,1.892437,35,1975_2009,17,051,IL,Fayette
17053,93.657143,2.211765,35,1975_2009,17,053,IL,Ford
17055,69.033333,1.520728,35,1975_2009,17,055,IL,Franklin
17057,89.790476,2.395518,35,1975_2009,17,057,IL,Fulton
17059,90.847619,1.770308,35,1975_2009,17,059,IL,Gallatin
17061,97.952381,1.861625,35,1975_2009,17,061,IL,Greene
17063,101.033333,1.870308,35,1975_2009,17,063,IL,Grundy
17065,72.804762,1.865266,35,1975_2009,17,065,IL,Hamilton
17067,87.919048,2.497199,35,1975_2009,17,067,IL,Hancock
17071,105.861905,1.994678,35,1975_2009,17,071,IL,Henderson
17073,100.609524,2.063305,35,1975_2009,17,073,IL,Henry
17075,95.423810,2.220448,35,1975_2009,17,075,IL,Iroquois
17077,71.452381,1.884314,35,1975_2009,17,077,IL,Jackson
17079,91.280952,1.576751,35,1975_2009,17,079,IL,Jasper
17081,68.447619,1.481232,35,1975_2009,17,081,IL,Jefferson
17083,93.652381,1.996919,35,1975_2009,17,083,IL,Jersey
17085,92.538095,2.173389,35,1975_2009,17,085,IL,Jo Daviess
17087,63.409524,1.915406,35,1975_2009,17,087,IL,Johnson
17089,113.295238,1.500280,35,1975_2009,17,089,IL,Kane
17091,96.409524,1.873389,35,1975_2009,17,091,IL,Kankakee
17093,100.561905,1.829132,35,1975_2009,17,093,IL,Kendall
17095,101.319048,2.236695,35,1975_2009,17,095,IL,Knox
17097,86.776190,0.982913,35,1975_2009,17,097,IL,Lake
17099,104.128571,1.967227,35,1975_2009,17,099,IL,La Salle
17101,83.071429,1.693277,35,1975_2009,17,101,IL,Lawrence
17103,104.285714,2.011765,35,1975_2009,17,103,IL,Lee
17105,95.947619,2.135854,35,1975_2009,17,105,IL,Livingston
17107,113.328571,1.957143,35,1975_2009,17,107,IL,Logan
17109,98.185714,2.567227,35,1975_2009,17,109,IL,Mcdonough
17111,99.528571,1.496639,35,1975_2009,17,111,IL,Mchenry
17113,106.619048,2.156863,35,1975_2009,17,113,IL,Mclean
17115,118.090476,1.971148,35,1975_2009,17,115,IL,Macon
17117,101.395238,1.907843,35,1975_2009,17,117,IL,Macoupin
17119,87.766667,1.855742,35,1975_2009,17,119,IL,Madison
17121,70.871429,1.829412,35,1975_2009,17,121,IL,Marion
17123,98.485714,2.235294,35,1975_2009,17,123,IL,Marshall
17125,92.728571,2.163866,35,1975_2009,17,125,IL,Mason
17127,75.904762,1.687955,35,1975_2009,17,127,IL,Massac
17129,111.495238,1.979272,35,1975_2009,17,129,IL,Menard
17131,100.795238,2.126331,35,1975_2009,17,131,IL,Mercer
17133,85.600000,1.616807,35,1975_2009,17,133,IL,Monroe
17135,100.471429,1.908403,35,1975_2009,17,135,IL,Montgomery
17137,114.271429,1.935294,35,1975_2009,17,137,IL,Morgan
17139,123.990476,1.477871,35,1975_2009,17,139,IL,Moultrie
17141,103.619048,1.978711,35,1975_2009,17,141,IL,Ogle
17143,95.809524,2.359104,35,1975_2009,17,143,IL,Peoria
17145,68.971429,1.257143,35,1975_2009,17,145,IL,Perry
17147,122.338095,1.640616,35,1975_2009,17,147,IL,Piatt
17149,89.090476,2.270308,35,1975_2009,17,149,IL,Pike
17153,73.757143,2.170588,35,1975_2009,17,153,IL,Pulaski
17155,98.890476,2.335854,35,1975_2009,17,155,IL,Putnam
17157,73.571429,1.514286,35,1975_2009,17,157,IL,Randolph
17159,80.314286,1.339496,35,1975_2009,17,159,IL,Richland
17161,97.009524,2.204482,35,1975_2009,17,161,IL,Rock Island
17163,88.995238,1.704482,35,1975_2009,17,163,IL,St Clair
17165,72.652381,1.899440,35,1975_2009,17,165,IL,Saline
17167,116.590476,1.995518,35,1975_2009,17,167,IL,Sangamon
17169,84.390476,2.545098,35,1975_2009,17,169,IL,Schuyler
17171,104.057143,1.865546,35,1975_2009,17,171,IL,Scott
17173,107.276190,1.577031,35,1975_2009,17,173,IL,Shelby
17175,104.080952,2.195238,35,1975_2009,17,175,IL,Stark
17177,94.666667,2.160784,35,1975_2009,17,177,IL,Stephenson
17179,105.242857,2.170588,35,1975_2009,17,179,IL,Tazewell
17181,71.571429,2.110924,35,1975_2009,17,181,IL,Union
17183,105.861905,1.804762,35,1975_2009,17,183,IL,Vermilion
17185,87.028571,1.663866,35,1975_2009,17,185,IL,Wabash
17187,106.228571,2.243697,35,1975_2009,17,187,IL,Warren
17189,71.890476,1.870308,35,1975_2009,17,189,IL,Washington
17191,71.538095,1.850700,35,1975_2009,17,191,IL,Wayne
17193,78.304762,2.012325,35,1975_2009,17,193,IL,White
17195,101.200000,1.919328,35,1975_2009,17,195,IL,Whiteside
17197,91.366667,1.870868,35,1975_2009,17,197,IL,Will
17199,66.619048,1.682913,35,1975_2009,17,199,IL,Williamson
17201,96.633333,1.737535,35,1975_2009,17,201,IL,Winnebago
17203,100.066667,2.416246,35,1975_2009,17,203,IL,Woodford
18001,94.319524,1.665070,35,1975_2009,18,001,IN,Adams
18003,93.134286,1.965882,35,1975_2009,18,003,IN,Allen
18005,94.937619,1.702493,35,1975_2009,18,005,IN,Bartholomew
18007,99.736190,2.057199,35,1975_2009,18,007,IN,Benton
18009,95.395714,1.672353,35,1975_2009,18,009,IN,Blackford
18011,106.180476,1.680476,35,1975_2009,18,011,IN,Boone
18015,103.865714,2.207731,35,1975_2009,18,015,IN,Carroll
18017,98.708095,2.051625,35,1975_2009,18,017,IN,Cass
18019,85.093810,1.544902,35,1975_2009,18,019,IN,Clark
18021,96.699048,1.824090,35,1975_2009,18,021,IN,Clay
18023,104.364286,2.074706,35,1975_2009,18,023,IN,Clinton
18027,99.381429,1.823445,35,1975_2009,18,027,IN,Daviess
18029,84.486667,1.541457,35,1975_2009,18,029,IN,Dearborn
18031,105.255714,1.706303,35,1975_2009,18,031,IN,Decatur
18033,83.341905,1.789468,35,1975_2009,18,033,IN,De Kalb
18035,100.432857,1.617227,35,1975_2009,18,035,IN,Delaware
18037,91.047619,1.721232,35,1975_2009,18,037,IN,Dubois
18039,93.001429,1.731345,35,1975_2009,18,039,IN,Elkhart
18041,96.666667,1.727843,35,1975_2009,18,041,IN,Fayette
18045,100.037143,1.899160,35,1975_2009,18,045,IN,Fountain
18047,92.303333,1.645182,35,1975_2009,18,047,IN,Franklin
18049,86.396667,2.052969,35,1975_2009,18,049,IN,Fulton
18051,96.562381,1.892129,35,1975_2009,18,051,IN,Gibson
18053,107.100952,1.511204,35,1975_2009,18,053,IN,Grant
18055,92.343333,1.678291,35,1975_2009,18,055,IN,Greene
18057,103.480000,1.568235,35,1975_2009,18,057,IN,Hamilton
18059,100.994286,1.701345,35,1975_2009,18,059,IN,Hancock
18061,79.808571,1.553950,35,1975_2009,18,061,IN,Harrison
18063,105.210952,1.625910,35,1975_2009,18,063,IN,Hendricks
18065,94.593333,1.949636,35,1975_2009,18,065,IN,Henry
18067,108.997143,1.917311,35,1975_2009,18,067,IN,Howard
18069,96.901429,1.698235,35,1975_2009,18,069,IN,Huntington
18071,91.011905,1.376106,35,1975_2009,18,071,IN,Jackson
18073,90.227143,2.138235,35,1975_2009,18,073,IN,Jasper
18075,88.301905,1.606443,35,1975_2009,18,075,IN,Jay
18079,92.227143,1.568151,35,1975_2009,18,079,IN,Jennings
18081,104.415238,1.419776,35,1975_2009,18,081,IN,Johnson
18083,100.854286,1.768908,35,1975_2009,18,083,IN,Knox
18085,86.389524,2.081457,35,1975_2009,18,085,IN,Kosciusko
18087,96.665714,0.910924,35,1975_2009,18,087,IN,Lagrange
18089,93.325714,1.703193,35,1975_2009,18,089,IN,Lake
18091,96.618095,1.634230,35,1975_2009,18,091,IN,La Porte
18093,84.042381,1.538852,35,1975_2009,18,093,IN,Lawrence
18095,104.515714,1.790840,35,1975_2009,18,095,IN,Madison
18097,100.491429,1.475462,35,1975_2009,18,097,IN,Marion
18099,84.186190,2.131905,35,1975_2009,18,099,IN,Marshall
18101,88.801429,1.815042,35,1975_2009,18,101,IN,Martin
18103,98.465714,1.780840,35,1975_2009,18,103,IN,Miami
18105,88.654286,1.600336,35,1975_2009,18,105,IN,Monroe
18107,104.127143,1.860252,35,1975_2009,18,107,IN,Montgomery
18109,100.476190,1.669468,35,1975_2009,18,109,IN,Morgan
18111,99.266667,2.027507,35,1975_2009,18,111,IN,Newton
18113,89.191905,1.688711,35,1975_2009,18,113,IN,Noble
18117,85.080000,1.857815,35,1975_2009,18,117,IN,Orange
18119,95.649048,1.465854,35,1975_2009,18,119,IN,Owen
18121,97.002857,1.726050,35,1975_2009,18,121,IN,Parke
18123,80.891429,1.686050,35,1975_2009,18,123,IN,Perry
18125,91.646190,1.609552,35,1975_2009,18,125,IN,Pike
18127,93.990952,1.825910,35,1975_2009,18,127,IN,Porter
18129,97.616190,1.896190,35,1975_2009,18,129,IN,Posey
18131,86.917619,1.923333,35,1975_2009,18,131,IN,Pulaski
18133,98.478571,1.868992,35,1975_2009,18,133,IN,Putnam
18135,93.187619,1.723249,35,1975_2009,18,135,IN,Randolph
18137,91.678095,1.496919,35,1975_2009,18,137,IN,Ripley
18139,106.161429,1.664286,35,1975_2009,18,139,IN,Rush
18141,89.053810,1.841709,35,1975_2009,18,141,IN,St. Joseph
18143,90.026667,1.559440,35,1975_2009,18,143,IN,Scott
18145,100.527619,1.637199,35,1975_2009,18,145,IN,Shelby
18147,84.773810,1.741036,35,1975_2009,18,147,IN,Spencer
18149,86.068571,1.640840,35,1975_2009,18,149,IN,Starke
18151,85.576667,1.519524,35,1975_2009,18,151,IN,Steuben
18153,96.924286,1.853697,35,1975_2009,18,153,IN,Sullivan
18157,98.475714,2.019916,35,1975_2009,18,157,IN,Tippecanoe
18159,106.925714,1.972101,35,1975_2009,18,159,IN,Tipton
18161,100.665238,1.954818,35,1975_2009,18,161,IN,Union
18163,94.306190,1.845350,35,1975_2009,18,163,IN,Vanderburgh
18165,104.635714,1.720924,35,1975_2009,18,165,IN,Vermillion
18167,94.089524,1.731204,35,1975_2009,18,167,IN,Vigo
18169,94.472857,1.893529,35,1975_2009,18,169,IN,Wabash
18171,102.991905,1.806359,35,1975_2009,18,171,IN,Warren
18173,89.850952,1.512465,35,1975_2009,18,173,IN,Warrick
18175,82.343333,1.604342,35,1975_2009,18,175,IN,Washington
18177,96.078095,1.640280,35,1975_2009,18,177,IN,Wayne
18179,98.619524,1.660028,35,1975_2009,18,179,IN,Wells
18181,96.372381,2.289692,35,1975_2009,18,181,IN,White
18183,85.135238,2.085322,35,1975_2009,18,183,IN,Whitley
19001,81.134286,2.452437,35,1975_2009,19,001,IA,Adair
19003,77.807619,2.294678,35,1975_2009,19,003,IA,Adams
19005,98.221905,2.011485,35,1975_2009,19,005,IA,Allamakee
19007,70.707143,2.186471,35,1975_2009,19,007,IA,Appanoose
19009,83.081429,2.599076,35,1975_2009,19,009,IA,Audubon
19011,89.646190,2.526527,35,1975_2009,19,011,IA,Benton
19013,99.120476,2.149720,35,1975_2009,19,013,IA,Black Hawk
19015,96.034286,2.549580,35,1975_2009,19,015,IA,Boone
19017,99.370952,2.348768,35,1975_2009,19,017,IA,Bremer
19019,102.980000,1.986891,35,1975_2009,19,019,IA,Buchanan
19021,99.759524,2.191793,35,1975_2009,19,021,IA,Buena Vista
19023,93.765714,2.437143,35,1975_2009,19,023,IA,Butler
19025,101.113810,2.170616,35,1975_2009,19,025,IA,Calhoun
19027,85.298571,2.765126,35,1975_2009,19,027,IA,Carroll
19029,88.410000,2.265798,35,1975_2009,19,029,IA,Cass
19031,107.514762,2.036275,35,1975_2009,19,031,IA,Cedar
19033,101.419524,1.988768,35,1975_2009,19,033,IA,Cerro Gordo
19035,95.393333,2.452997,35,1975_2009,19,035,IA,Cherokee
19037,91.409524,2.300784,35,1975_2009,19,037,IA,Chickasaw
19039,67.200952,2.020784,35,1975_2009,19,039,IA,Clarke
19041,98.801905,2.120728,35,1975_2009,19,041,IA,Clay
19043,100.569524,2.110868,35,1975_2009,19,043,IA,Clayton
19045,97.395714,2.240756,35,1975_2009,19,045,IA,Clinton
19047,75.365238,2.961877,35,1975_2009,19,047,IA,Crawford
19049,92.252381,2.426835,35,1975_2009,19,049,IA,Dallas
19051,71.604762,2.236022,35,1975_2009,19,051,IA,Davis
19053,70.087143,2.212857,35,1975_2009,19,053,IA,Decatur
19055,101.029048,2.147871,35,1975_2009,19,055,IA,Delaware
19057,98.280952,2.033894,35,1975_2009,19,057,IA,Des Moines
19059,94.376667,2.199524,35,1975_2009,19,059,IA,Dickinson
19061,97.105714,2.304538,35,1975_2009,19,061,IA,Dubuque
19063,102.760476,2.049048,35,1975_2009,19,063,IA,Emmet
19065,102.716190,1.989972,35,1975_2009,19,065,IA,Fayette
19067,96.325238,2.218011,35,1975_2009,19,067,IA,Floyd
19069,104.818095,2.028852,35,1975_2009,19,069,IA,Franklin
19071,86.431905,2.166527,35,1975_2009,19,071,IA,Fremont
19073,96.485238,2.407927,35,1975_2009,19,073,IA,Greene
19075,100.294286,2.208739,35,1975_2009,19,075,IA,Grundy
19077,86.700000,2.291429,35,1975_2009,19,077,IA,Guthrie
19079,103.559048,2.206443,35,1975_2009,19,079,IA,Hamilton
19081,104.824286,2.023109,35,1975_2009,19,081,IA,Hancock
19083,103.631905,2.106695,35,1975_2009,19,083,IA,Hardin
19085,82.238571,2.535714,35,1975_2009,19,085,IA,Harrison
19087,93.675714,2.034874,35,1975_2009,19,087,IA,Henry
19089,89.424286,2.295546,35,1975_2009,19,089,IA,Howard
19091,101.924762,2.276359,35,1975_2009,19,091,IA,Humboldt
19093,87.716190,2.638711,35,1975_2009,19,093,IA,Ida
19095,86.548095,2.474482,35,1975_2009,19,095,IA,Iowa
19097,87.627619,2.186779,35,1975_2009,19,097,IA,Jackson
19099,88.084286,2.799244,35,1975_2009,19,099,IA,Jasper
19101,86.211905,1.956779,35,1975_2009,19,101,IA,Jefferson
19103,93.644286,2.027479,35,1975_2009,19,103,IA,Johnson
19105,97.772381,2.182129,35,1975_2009,19,105,IA,Jones
19107,88.932381,2.107003,35,1975_2009,19,107,IA,Keokuk
19109,106.492857,2.059916,35,1975_2009,19,109,IA,Kossuth
19111,82.229524,2.262801,35,1975_2009,19,111,IA,Lee
19113,92.128571,2.360840,35,1975_2009,19,113,IA,Linn
19115,96.660000,1.803866,35,1975_2009,19,115,IA,Louisa
19117,69.645238,2.033137,35,1975_2009,19,117,IA,Lucas
19119,79.266667,2.969692,35,1975_2009,19,119,IA,Lyon
19121,78.361905,2.518711,35,1975_2009,19,121,IA,Madison
19123,83.032857,2.677059,35,1975_2009,19,123,IA,Mahaska
19125,82.309524,2.363473,35,1975_2009,19,125,IA,Marion
19127,92.568571,2.667899,35,1975_2009,19,127,IA,Marshall
19129,88.052381,2.114230,35,1975_2009,19,129,IA,Mills
19131,92.646190,2.486695,35,1975_2009,19,131,IA,Mitchell
19133,77.394762,2.399300,35,1975_2009,19,133,IA,Monona
19135,69.311905,2.378291,35,1975_2009,19,135,IA,Monroe
19137,84.547143,2.284286,35,1975_2009,19,137,IA,Montgomery
19139,99.638571,1.855546,35,1975_2009,19,139,IA,Muscatine
19141,100.739048,2.301737,35,1975_2009,19,141,IA,O Brien
19143,96.263810,2.279776,35,1975_2009,19,143,IA,Osceola
19145,80.245714,2.137143,35,1975_2009,19,145,IA,Page
19147,98.637143,2.226891,35,1975_2009,19,147,IA,Palo Alto
19149,77.491429,2.887899,35,1975_2009,19,149,IA,Plymouth
19151,101.903810,2.206331,35,1975_2009,19,151,IA,Pocahontas
19153,93.354286,2.512773,35,1975_2009,19,153,IA,Polk
19155,90.599048,2.302409,35,1975_2009,19,155,IA,Pottawattamie
19157,85.008571,2.709244,35,1975_2009,19,157,IA,Poweshiek
19159,69.361905,1.993501,35,1975_2009,19,159,IA,Ringgold
19161,88.199524,2.627591,35,1975_2009,19,161,IA,Sac
19163,107.517143,2.109412,35,1975_2009,19,163,IA,Scott
19165,84.339524,2.609104,35,1975_2009,19,165,IA,Shelby
19167,84.395714,3.001933,35,1975_2009,19,167,IA,Sioux
19169,96.640952,2.451877,35,1975_2009,19,169,IA,Story
19171,94.932381,2.336751,35,1975_2009,19,171,IA,Tama
19173,68.690952,2.212633,35,1975_2009,19,173,IA,Taylor
19175,72.864286,2.328992,35,1975_2009,19,175,IA,Union
19177,71.895238,2.233389,35,1975_2009,19,177,IA,Van Buren
19179,89.967619,1.806275,35,1975_2009,19,179,IA,Wapello
19181,83.575238,2.235238,35,1975_2009,19,181,IA,Warren
19183,93.504286,2.172353,35,1975_2009,19,183,IA,Washington
19185,71.548571,1.958655,35,1975_2009,19,185,IA,Wayne
19187,104.043333,2.263838,35,1975_2009,19,187,IA,Webster
19189,98.896667,2.258011,35,1975_2009,19,189,IA,Winnebago
19191,92.640000,2.312773,35,1975_2009,19,191,IA,Winneshiek
19193,77.916667,2.547591,35,1975_2009,19,193,IA,Woodbury
19195,99.048095,2.158179,35,1975_2009,19,195,IA,Worth
19197,107.209524,2.000952,35,1975_2009,19,197,IA,Wright
26005,74.246667,1.951204,35,1975_2009,26,005,MI,Allegan
26007,65.014286,1.130420,35,1975_2009,26,007,MI,Alpena
26011,79.203333,1.643165,35,1975_2009,26,011,MI,Arenac
26015,76.231429,1.788908,35,1975_2009,26,015,MI,Barry
26017,87.459048,1.749468,35,1975_2009,26,017,MI,Bay
26021,74.890952,1.885238,35,1975_2009,26,021,MI,Berrien
26023,86.566190,1.473249,35,1975_2009,26,023,MI,Branch
26025,79.515714,1.413529,35,1975_2009,26,025,MI,Calhoun
26027,80.154762,1.660476,35,1975_2009,26,027,MI,Cass
26037,77.659048,1.832661,35,1975_2009,26,037,MI,Clinton
26045,78.437143,1.978824,35,1975_2009,26,045,MI,Eaton
26049,79.910476,1.167619,35,1975_2009,26,049,MI,Genesee
26055,70.081905,0.590476,35,1975_2009,26,055,MI,Grand Traverse
26057,86.979048,1.636527,35,1975_2009,26,057,MI,Gratiot
26059,81.287143,1.460588,35,1975_2009,26,059,MI,Hillsdale
26063,85.734762,2.037787,35,1975_2009,26,063,MI,Huron
26065,75.909048,1.936947,35,1975_2009,26,065,MI,Ingham
26067,76.940952,2.103137,35,1975_2009,26,067,MI,Ionia
26073,64.354286,2.032941,35,1975_2009,26,073,MI,Isabella
26075,76.889524,1.361289,35,1975_2009,26,075,MI,Jackson
26077,81.646667,1.489356,35,1975_2009,26,077,MI,Kalamazoo
26081,76.050000,1.697899,35,1975_2009,26,081,MI,Kent
26087,78.871429,1.615798,35,1975_2009,26,087,MI,Lapeer
26091,89.181905,1.751821,35,1975_2009,26,091,MI,Lenawee
26093,76.102857,1.446050,35,1975_2009,26,093,MI,Livingston
26099,79.424762,1.700896,35,1975_2009,26,099,MI,Macomb
26107,61.606190,1.766359,35,1975_2009,26,107,MI,Mecosta
26111,78.617619,1.968375,35,1975_2009,26,111,MI,Midland
26113,65.763810,1.769524,35,1975_2009,26,113,MI,Missaukee
26115,88.335238,1.929692,35,1975_2009,26,115,MI,Monroe
26117,74.646190,1.566527,35,1975_2009,26,117,MI,Montcalm
26123,66.980476,1.433249,35,1975_2009,26,123,MI,Newaygo
26129,68.009524,1.752549,35,1975_2009,26,129,MI,Ogemaw
26139,75.230000,1.594034,35,1975_2009,26,139,MI,Ottawa
26145,84.746667,1.836751,35,1975_2009,26,145,MI,Saginaw
26147,79.357619,1.537115,35,1975_2009,26,147,MI,St Clair
26149,89.152857,1.530336,35,1975_2009,26,149,MI,St Joseph
26151,81.032857,2.006471,35,1975_2009,26,151,MI,Sanilac
26155,72.502381,1.807591,35,1975_2009,26,155,MI,Shiawassee
26157,85.831429,1.866050,35,1975_2009,26,157,MI,Tuscola
26159,71.803333,1.664006,35,1975_2009,26,159,MI,Van Buren
26161,75.680000,1.598319,35,1975_2009,26,161,MI,Washtenaw
27003,68.493810,1.435154,35,1975_2009,27,003,MN,Anoka
27009,70.544762,1.720560,35,1975_2009,27,009,MN,Benton
27011,54.907143,3.012689,35,1975_2009,27,011,MN,Big Stone
27013,94.088571,2.420336,35,1975_2009,27,013,MN,Blue Earth
27015,84.780000,2.730924,35,1975_2009,27,015,MN,Brown
27019,86.945238,2.442717,35,1975_2009,27,019,MN,Carver
27023,66.688095,3.094650,35,1975_2009,27,023,MN,Chippewa
27025,70.225238,1.599524,35,1975_2009,27,025,MN,Chisago
27027,52.357619,2.390560,35,1975_2009,27,027,MN,Clay
27033,86.349524,2.459776,35,1975_2009,27,033,MN,Cottonwood
27037,89.116667,2.389440,35,1975_2009,27,037,MN,Dakota
27039,90.252381,2.600784,35,1975_2009,27,039,MN,Dodge
27041,52.584762,2.552661,35,1975_2009,27,041,MN,Douglas
27043,102.166190,2.252409,35,1975_2009,27,043,MN,Faribault
27045,92.669048,2.318796,35,1975_2009,27,045,MN,Fillmore
27047,96.812381,2.328852,35,1975_2009,27,047,MN,Freeborn
27049,95.546667,2.344818,35,1975_2009,27,049,MN,Goodhue
27051,63.363333,2.771064,35,1975_2009,27,051,MN,Grant
27053,80.322381,2.028599,35,1975_2009,27,053,MN,Hennepin
27055,104.943810,1.772213,35,1975_2009,27,055,MN,Houston
27059,74.202857,1.341176,35,1975_2009,27,059,MN,Isanti
27063,92.364762,2.233838,35,1975_2009,27,063,MN,Jackson
27065,70.764286,1.074034,35,1975_2009,27,065,MN,Kanabec
27067,73.190000,2.832857,35,1975_2009,27,067,MN,Kandiyohi
27073,58.560476,3.010728,35,1975_2009,27,073,MN,Lac Qui Parle
27079,90.928095,2.316667,35,1975_2009,27,079,MN,Le Sueur
27081,55.267143,3.032353,35,1975_2009,27,081,MN,Lincoln
27083,63.796190,3.096359,35,1975_2009,27,083,MN,Lyon
27085,85.662381,2.570112,35,1975_2009,27,085,MN,Mcleod
27091,99.484286,2.365294,35,1975_2009,27,091,MN,Martin
27093,79.248571,2.246387,35,1975_2009,27,093,MN,Meeker
27095,72.356667,1.285742,35,1975_2009,27,095,MN,Mille Lacs
27097,60.257619,1.709888,35,1975_2009,27,097,MN,Morrison
27099,93.058095,2.335742,35,1975_2009,27,099,MN,Mower
27101,70.065714,2.847899,35,1975_2009,27,101,MN,Murray
27103,95.899524,2.434650,35,1975_2009,27,103,MN,Nicollet
27105,77.187619,2.575686,35,1975_2009,27,105,MN,Nobles
27107,46.687619,2.251989,35,1975_2009,27,107,MN,Norman
27109,89.160952,2.543305,35,1975_2009,27,109,MN,Olmsted
27111,52.689048,2.559468,35,1975_2009,27,111,MN,Otter Tail
27115,65.553810,1.455994,35,1975_2009,27,115,MN,Pine
27117,57.344286,2.996723,35,1975_2009,27,117,MN,Pipestone
27121,67.256190,2.602913,35,1975_2009,27,121,MN,Pope
27125,50.887619,1.682577,35,1975_2009,27,125,MN,Red Lake
27127,77.872857,2.911849,35,1975_2009,27,127,MN,Redwood
27129,84.634286,2.715798,35,1975_2009,27,129,MN,Renville
27131,92.441905,2.325266,35,1975_2009,27,131,MN,Rice
27133,77.493810,2.709272,35,1975_2009,27,133,MN,Rock
27139,87.976667,2.308936,35,1975_2009,27,139,MN,Scott
27141,71.797619,2.260308,35,1975_2009,27,141,MN,Sherburne
27143,90.226190,2.613249,35,1975_2009,27,143,MN,Sibley
27145,71.363810,2.124314,35,1975_2009,27,145,MN,Stearns
27147,89.812381,2.482465,35,1975_2009,27,147,MN,Steele
27149,73.021905,2.700728,35,1975_2009,27,149,MN,Stevens
27151,71.517619,2.780476,35,1975_2009,27,151,MN,Swift
27153,62.664286,1.616218,35,1975_2009,27,153,MN,Todd
27155,51.973333,3.171653,35,1975_2009,27,155,MN,Traverse
27157,98.365714,2.299328,35,1975_2009,27,157,MN,Wabasha
27159,49.158095,2.168347,35,1975_2009,27,159,MN,Wadena
27161,99.161905,2.243417,35,1975_2009,27,161,MN,Waseca
27163,80.319524,2.226415,35,1975_2009,27,163,MN,Washington
27165,95.595238,2.445154,35,1975_2009,27,165,MN,Watonwan
27167,54.088095,2.447591,35,1975_2009,27,167,MN,Wilkin
27169,101.159524,2.094650,35,1975_2009,27,169,MN,Winona
27171,77.739524,2.071625,35,1975_2009,27,171,MN,Wright
27173,67.139524,2.873473,35,1975_2009,27,173,MN,Yellow Medicine
31001,112.128095,1.950952,35,1975_2009,31,001,NE,Adams
31003,80.968095,2.714818,35,1975_2009,31,003,NE,Antelope
31011,80.144286,2.474034,35,1975_2009,31,011,NE,Boone
31013,99.793810,1.666246,35,1975_2009,31,013,NE,Box Butte
31015,49.231429,1.442017,35,1975_2009,31,015,NE,Boyd
31017,92.894762,2.490224,35,1975_2009,31,017,NE,Brown
31019,110.390952,2.058179,35,1975_2009,31,019,NE,Buffalo
31021,75.912857,2.444622,35,1975_2009,31,021,NE,Burt
31023,94.448571,1.767563,35,1975_2009,31,023,NE,Butler
31025,72.119048,2.065266,35,1975_2009,31,025,NE,Cass
31027,57.416190,2.735350,35,1975_2009,31,027,NE,Cedar
31029,109.680952,2.121120,35,1975_2009,31,029,NE,Chase
31031,77.982381,3.078515,35,1975_2009,31,031,NE,Cherry
31035,115.182381,1.745406,35,1975_2009,31,035,NE,Clay
31037,78.542381,2.462381,35,1975_2009,31,037,NE,Colfax
31039,65.259524,2.839188,35,1975_2009,31,039,NE,Cuming
31041,91.968095,2.176667,35,1975_2009,31,041,NE,Custer
31043,65.864762,2.934342,35,1975_2009,31,043,NE,Dakota
31047,117.102381,1.931289,35,1975_2009,31,047,NE,Dawson
31049,120.321905,0.404258,35,1975_2009,31,049,NE,Deuel
31051,52.697143,2.878824,35,1975_2009,31,051,NE,Dixon
31053,78.638095,2.479272,35,1975_2009,31,053,NE,Dodge
31055,75.877619,2.347199,35,1975_2009,31,055,NE,Douglas
31057,94.562857,2.173782,35,1975_2009,31,057,NE,Dundy
31059,114.614762,1.696106,35,1975_2009,31,059,NE,Fillmore
31061,110.740476,1.848207,35,1975_2009,31,061,NE,Franklin
31063,114.092381,0.506331,35,1975_2009,31,063,NE,Frontier
31065,102.236667,0.694146,35,1975_2009,31,065,NE,Furnas
31067,97.665238,0.943389,35,1975_2009,31,067,NE,Gage
31069,102.514762,1.292913,35,1975_2009,31,069,NE,Garden
31071,85.998571,2.169328,35,1975_2009,31,071,NE,Garfield
31073,116.859048,1.538207,35,1975_2009,31,073,NE,Gosper
31077,84.003333,2.237283,35,1975_2009,31,077,NE,Greeley
31079,109.988095,2.105070,35,1975_2009,31,079,NE,Hall
31081,112.827619,2.227619,35,1975_2009,31,081,NE,Hamilton
31083,112.206190,1.355266,35,1975_2009,31,083,NE,Harlan
31085,76.567619,2.112157,35,1975_2009,31,085,NE,Hayes
31087,111.876190,0.150812,35,1975_2009,31,087,NE,Hitchcock
31089,108.393810,2.020532,35,1975_2009,31,089,NE,Holt
31093,97.591429,1.887899,35,1975_2009,31,093,NE,Howard
31095,111.226667,1.061289,35,1975_2009,31,095,NE,Jefferson
31097,72.023333,1.661989,35,1975_2009,31,097,NE,Johnson
31099,117.270000,2.058067,35,1975_2009,31,099,NE,Kearney
31101,111.928571,1.342857,35,1975_2009,31,101,NE,Keith
31103,78.665714,1.701008,35,1975_2009,31,103,NE,Keya Paha
31107,55.696667,2.430784,35,1975_2009,31,107,NE,Knox
31109,84.628095,1.283557,35,1975_2009,31,109,NE,Lancaster
31111,105.160476,1.906022,35,1975_2009,31,111,NE,Lincoln
31113,79.289048,2.190224,35,1975_2009,31,113,NE,Logan
31119,79.408095,2.084398,35,1975_2009,31,119,NE,Madison
31121,103.298571,1.896891,35,1975_2009,31,121,NE,Merrick
31123,98.537619,1.916443,35,1975_2009,31,123,NE,Morrill
31125,86.170476,1.958543,35,1975_2009,31,125,NE,Nance
31127,67.530952,1.951961,35,1975_2009,31,127,NE,Nemaha
31129,120.652381,0.780952,35,1975_2009,31,129,NE,Nuckolls
31131,71.252857,1.643445,35,1975_2009,31,131,NE,Otoe
31133,55.590952,1.909776,35,1975_2009,31,133,NE,Pawnee
31135,122.370952,0.729776,35,1975_2009,31,135,NE,Perkins
31137,118.367619,2.313333,35,1975_2009,31,137,NE,Phelps
31139,75.322381,2.486246,35,1975_2009,31,139,NE,Pierce
31141,82.708571,2.559832,35,1975_2009,31,141,NE,Platte
31143,107.482857,1.754958,35,1975_2009,31,143,NE,Polk
31145,109.580952,0.602633,35,1975_2009,31,145,NE,Red Willow
31147,68.253333,2.035854,35,1975_2009,31,147,NE,Richardson
31149,95.987143,2.313193,35,1975_2009,31,149,NE,Rock
31151,109.009048,1.124342,35,1975_2009,31,151,NE,Saline
31153,72.131905,2.149888,35,1975_2009,31,153,NE,Sarpy
31155,75.748571,2.308403,35,1975_2009,31,155,NE,Saunders
31157,105.611429,1.418824,35,1975_2009,31,157,NE,Scotts Bluff
31159,108.765238,1.374986,35,1975_2009,31,159,NE,Seward
31161,87.642857,1.858319,35,1975_2009,31,161,NE,Sheridan
31163,88.326667,2.360448,35,1975_2009,31,163,NE,Sherman
31165,96.832857,1.760420,35,1975_2009,31,165,NE,Sioux
31167,63.850476,2.569972,35,1975_2009,31,167,NE,Stanton
31169,119.348095,1.335658,35,1975_2009,31,169,NE,Thayer
31173,60.730000,2.859244,35,1975_2009,31,173,NE,Thurston
31175,93.870952,2.141709,35,1975_2009,31,175,NE,Valley
31177,75.384286,2.309328,35,1975_2009,31,177,NE,Washington
31179,57.577143,2.875630,35,1975_2009,31,179,NE,Wayne
31181,107.972857,1.200924,35,1975_2009,31,181,NE,Webster
31183,97.514762,1.876443,35,1975_2009,31,183,NE,Wheeler
31185,112.782381,2.099524,35,1975_2009,31,185,NE,York
39001,82.611905,1.125014,35,1975_2009,39,001,OH,Adams
39003,105.538571,1.232689,35,1975_2009,39,003,OH,Allen
39005,89.457619,1.299636,35,1975_2009,39,005,OH,Ashland
39007,87.372857,1.187143,35,1975_2009,39,007,OH,Ashtabula
39009,71.721429,1.819580,35,1975_2009,39,009,OH,Athens
39011,97.773333,1.482409,35,1975_2009,39,011,OH,Auglaize
39015,86.834762,1.549888,35,1975_2009,39,015,OH,Brown
39017,90.452857,1.521933,35,1975_2009,39,017,OH,Butler
39021,100.606190,1.550560,35,1975_2009,39,021,OH,Champaign
39023,99.799524,1.800700,35,1975_2009,39,023,OH,Clark
39025,87.870476,1.484426,35,1975_2009,39,025,OH,Clermont
39027,101.916190,1.754510,35,1975_2009,39,027,OH,Clinton
39029,91.354762,1.143333,35,1975_2009,39,029,OH,Columbiana
39031,102.029524,1.212045,35,1975_2009,39,031,OH,Coshocton
39033,102.327619,1.628123,35,1975_2009,39,033,OH,Crawford
39037,96.340476,1.858123,35,1975_2009,39,037,OH,Darke
39039,90.285238,1.684398,35,1975_2009,39,039,OH,Defiance
39041,91.683333,1.600308,35,1975_2009,39,041,OH,Delaware
39043,106.678095,1.269692,35,1975_2009,39,043,OH,Erie
39045,93.290476,1.685266,35,1975_2009,39,045,OH,Fairfield
39047,101.417619,1.490728,35,1975_2009,39,047,OH,Fayette
39049,90.528571,1.511261,35,1975_2009,39,049,OH,Franklin
39051,102.433810,1.724566,35,1975_2009,39,051,OH,Fulton
39057,101.501429,1.670840,35,1975_2009,39,057,OH,Greene
39061,91.143810,1.471036,35,1975_2009,39,061,OH,Hamilton
39063,105.883333,1.184678,35,1975_2009,39,063,OH,Hancock
39065,99.019048,1.424426,35,1975_2009,39,065,OH,Hardin
39067,86.852381,0.560616,35,1975_2009,39,067,OH,Harrison
39069,105.650952,1.700028,35,1975_2009,39,069,OH,Henry
39071,96.032857,1.324454,35,1975_2009,39,071,OH,Highland
39075,91.324286,1.350168,35,1975_2009,39,075,OH,Holmes
39077,98.847619,1.434678,35,1975_2009,39,077,OH,Huron
39083,93.725714,1.430924,35,1975_2009,39,083,OH,Knox
39089,90.618571,1.581092,35,1975_2009,39,089,OH,Licking
39091,92.173333,1.730644,35,1975_2009,39,091,OH,Logan
39093,89.330952,1.331457,35,1975_2009,39,093,OH,Lorain
39095,103.861905,1.732661,35,1975_2009,39,095,OH,Lucas
39097,96.023810,1.898599,35,1975_2009,39,097,OH,Madison
39099,90.013810,1.070280,35,1975_2009,39,099,OH,Mahoning
39101,93.670000,1.714202,35,1975_2009,39,101,OH,Marion
39103,90.253810,1.122549,35,1975_2009,39,103,OH,Medina
39107,99.320476,1.612745,35,1975_2009,39,107,OH,Mercer
39109,95.320952,1.969188,35,1975_2009,39,109,OH,Miami
39113,95.488095,1.492633,35,1975_2009,39,113,OH,Montgomery
39115,89.350000,0.941261,35,1975_2009,39,115,OH,Morgan
39117,91.883810,1.465994,35,1975_2009,39,117,OH,Morrow
39119,89.882857,1.552605,35,1975_2009,39,119,OH,Muskingum
39123,92.562381,1.693641,35,1975_2009,39,123,OH,Ottawa
39125,96.848571,1.543866,35,1975_2009,39,125,OH,Paulding
39127,89.432381,1.638431,35,1975_2009,39,127,OH,Perry
39129,95.194762,1.429552,35,1975_2009,39,129,OH,Pickaway
39135,99.994286,1.600504,35,1975_2009,39,135,OH,Preble
39137,102.598095,1.393557,35,1975_2009,39,137,OH,Putnam
39139,92.531429,1.437311,35,1975_2009,39,139,OH,Richland
39141,90.021429,1.655882,35,1975_2009,39,141,OH,Ross
39143,102.873333,1.567283,35,1975_2009,39,143,OH,Sandusky
39147,102.761905,1.227619,35,1975_2009,39,147,OH,Seneca
39149,95.443333,1.722997,35,1975_2009,39,149,OH,Shelby
39151,92.034762,1.132745,35,1975_2009,39,151,OH,Stark
39155,86.133333,1.666443,35,1975_2009,39,155,OH,Trumbull
39157,94.585714,1.023529,35,1975_2009,39,157,OH,Tuscarawas
39159,91.759048,1.783081,35,1975_2009,39,159,OH,Union
39161,110.451905,1.181317,35,1975_2009,39,161,OH,Van Wert
39165,94.700476,1.634930,35,1975_2009,39,165,OH,Warren
39167,90.685714,1.069076,35,1975_2009,39,167,OH,Washington
39169,95.440476,1.259132,35,1975_2009,39,169,OH,Wayne
39171,89.843333,1.633417,35,1975_2009,39,171,OH,Williams
39173,100.878571,1.575714,35,1975_2009,39,173,OH,Wood
39175,101.439048,1.361569,35,1975_2009,39,175,OH,Wyandot
55001,79.228571,1.479160,35,1975_2009,55,001,WI,Adams
55005,77.516190,1.439216,35,1975_2009,55,005,WI,Barron
55009,84.672857,1.486471,35,1975_2009,55,009,WI,Brown
55011,91.888571,1.683866,35,1975_2009,55,011,WI,Buffalo
55013,74.021429,0.916050,35,1975_2009,55,013,WI,Burnett
55015,87.537143,1.709748,35,1975_2009,55,015,WI,Calumet
55017,84.690476,1.274510,35,1975_2009,55,017,WI,Chippewa
55019,74.448571,1.646218,35,1975_2009,55,019,WI,Clark
55021,92.185714,1.877647,35,1975_2009,55,021,WI,Columbia
55023,86.037619,1.938627,35,1975_2009,55,023,WI,Crawford
55025,92.433810,1.955322,35,1975_2009,55,025,WI,Dane
55027,91.836190,1.888291,35,1975_2009,55,027,WI,Dodge
55029,82.975238,1.113725,35,1975_2009,55,029,WI,Door
55033,84.624286,1.633697,35,1975_2009,55,033,WI,Dunn
55035,78.989524,1.933894,35,1975_2009,55,035,WI,Eau Claire
55039,89.684286,1.811849,35,1975_2009,55,039,WI,Fond Du Lac
55043,92.653810,2.201373,35,1975_2009,55,043,WI,Grant
55045,88.975238,1.979776,35,1975_2009,55,045,WI,Green
55047,87.945238,1.597507,35,1975_2009,55,047,WI,Green Lake
55049,87.663810,1.970364,35,1975_2009,55,049,WI,Iowa
55053,82.000476,1.903838,35,1975_2009,55,053,WI,Jackson
55055,86.215714,1.885966,35,1975_2009,55,055,WI,Jefferson
55057,86.538095,1.456583,35,1975_2009,55,057,WI,Juneau
55059,98.000000,1.216807,35,1975_2009,55,059,WI,Kenosha
55061,89.473810,1.315826,35,1975_2009,55,061,WI,Kewaunee
55063,93.997143,1.721681,35,1975_2009,55,063,WI,La Crosse
55065,95.270000,2.171345,35,1975_2009,55,065,WI,Lafayette
55069,78.003810,0.953557,35,1975_2009,55,069,WI,Lincoln
55071,86.133810,1.592297,35,1975_2009,55,071,WI,Manitowoc
55073,84.580476,0.995434,35,1975_2009,55,073,WI,Marathon
55075,81.009524,0.857759,35,1975_2009,55,075,WI,Marinette
55077,80.745714,1.077815,35,1975_2009,55,077,WI,Marquette
55081,94.687143,1.332017,35,1975_2009,55,081,WI,Monroe
55083,78.160952,1.390196,35,1975_2009,55,083,WI,Oconto
55087,86.152381,1.682129,35,1975_2009,55,087,WI,Outagamie
55091,86.281905,1.834678,35,1975_2009,55,091,WI,Pepin
55093,79.135238,2.259608,35,1975_2009,55,093,WI,Pierce
55095,77.815714,1.454034,35,1975_2009,55,095,WI,Polk
55097,83.776190,1.796527,35,1975_2009,55,097,WI,Portage
55099,79.764762,0.874174,35,1975_2009,55,099,WI,Price
55101,95.783333,1.321485,35,1975_2009,55,101,WI,Racine
55103,88.084762,1.801569,35,1975_2009,55,103,WI,Richland
55105,92.656190,1.894510,35,1975_2009,55,105,WI,Rock
55107,74.754286,1.223866,35,1975_2009,55,107,WI,Rusk
55109,78.717143,1.817647,35,1975_2009,55,109,WI,St Croix
55111,91.065714,1.654958,35,1975_2009,55,111,WI,Sauk
55115,84.907143,1.325798,35,1975_2009,55,115,WI,Shawano
55117,84.282381,1.452633,35,1975_2009,55,117,WI,Sheboygan
55119,78.515238,1.179608,35,1975_2009,55,119,WI,Taylor
55121,88.149524,1.646162,35,1975_2009,55,121,WI,Trempealeau
55123,93.637143,1.586723,35,1975_2009,55,123,WI,Vernon
55127,94.798571,1.489664,35,1975_2009,55,127,WI,Walworth
55129,76.050952,0.821877,35,1975_2009,55,129,WI,Washburn
55131,89.928571,1.364706,35,1975_2009,55,131,WI,Washington
55133,84.879048,1.599216,35,1975_2009,55,133,WI,Waukesha
55135,83.670000,1.521092,35,1975_2009,55,135,WI,Waupaca
55137,85.531905,1.489552,35,1975_2009,55,137,WI,Waushara
55139,83.961429,1.464790,35,1975_2009,55,139,WI,Winnebago
55141,78.907143,1.615042,35,1975_2009,55,141,WI,Wood
17001,86.007506,2.140451,49,1975_2025,17,001,IL,Adams
17003,75.587098,2.115168,44,1975_2025,17,003,IL,Alexander
17005,70.144794,2.232060,47,1975_2025,17,005,IL,Bond
17007,94.331991,2.243134,50,1975_2025,17,007,IL,Boone
17009,87.645035,1.988563,49,1975_2025,17,009,IL,Brown
17011,100.859879,2.327095,51,1975_2025,17,011,IL,Bureau
17013,85.347050,2.001892,47,1975_2025,17,013,IL,Calhoun
17015,94.240950,2.704715,51,1975_2025,17,015,IL,Carroll
17017,104.003347,2.137020,49,1975_2025,17,017,IL,Cass
17019,109.099265,1.994163,49,1975_2025,17,019,IL,Champaign
17021,114.460898,2.033092,49,1975_2025,17,021,IL,Christian
17023,95.427477,1.971251,48,1975_2025,17,023,IL,Clark
17025,65.822095,2.162112,50,1975_2025,17,025,IL,Clay
17027,69.831529,2.255040,50,1975_2025,17,027,IL,Clinton
17029,106.608727,2.047407,49,1975_2025,17,029,IL,Coles
17031,87.377586,1.599796,38,1975_2025,17,031,IL,Cook
17033,86.265725,1.884371,50,1975_2025,17,033,IL,Crawford
17035,92.587855,1.945760,48,1975_2025,17,035,IL,Cumberland
17037,109.532720,2.051113,50,1975_2025,17,037,IL,De Kalb
17039,107.882229,2.177359,46,1975_2025,17,039,IL,De Witt
17041,104.156867,2.162861,50,1975_2025,17,041,IL,Douglas
17043,99.478529,1.357884,35,1975_2025,17,043,IL,Du Page
17045,107.315097,1.923590,49,1975_2025,17,045,IL,Edgar
17047,79.191793,1.807700,47,1975_2025,17,047,IL,Edwards
17049,78.252640,2.321032,51,1975_2025,17,049,IL,Effingham
17051,75.860390,2.004016,47,1975_2025,17,051,IL,Fayette
17053,93.093061,2.148163,49,1975_2025,17,053,IL,Ford
17055,63.999849,1.837104,51,1975_2025,17,055,IL,Franklin
17057,90.516667,2.268824,51,1975_2025,17,057,IL,Fulton
17059,89.169643,1.858473,48,1975_2025,17,059,IL,Gallatin
17061,92.804827,2.174787,51,1975_2025,17,061,IL,Greene
17063,98.451190,2.027964,48,1975_2025,17,063,IL,Grundy
17065,73.153529,1.784197,44,1975_2025,17,065,IL,Hamilton
17067,85.863630,2.569333,49,1975_2025,17,067,IL,Hancock
17069,69.269840,1.435607,35,1975_2025,17,069,IL,Hardin
17071,101.824724,2.245668,49,1975_2025,17,071,IL,Henderson
17073,95.957143,2.372449,49,1975_2025,17,073,IL,Henry
17075,96.922118,2.018444,50,1975_2025,17,075,IL,Iroquois
17077,69.708903,1.942797,50,1975_2025,17,077,IL,Jackson
17079,86.545704,1.850051,49,1975_2025,17,079,IL,Jasper
17081,64.532589,1.778813,50,1975_2025,17,081,IL,Jefferson
17083,92.945998,1.999993,48,1975_2025,17,083,IL,Jersey
17085,89.839367,2.330661,51,1975_2025,17,085,IL,Jo Daviess
17087,64.647960,1.814411,45,1975_2025,17,087,IL,Johnson
17089,107.727765,1.893561,50,1975_2025,17,089,IL,Kane
17091,95.669209,1.864998,48,1975_2025,17,091,IL,Kankakee
17093,95.537671,2.164020,47,1975_2025,17,093,IL,Kendall
17095,96.824284,2.531421,51,1975_2025,17,095,IL,Knox
17097,75.361822,1.820191,47,1975_2025,17,097,IL,Lake
17099,101.063521,2.160882,50,1975_2025,17,099,IL,La Salle
17101,77.857625,2.079840,48,1975_2025,17,101,IL,Lawrence
17103,101.765585,2.154666,50,1975_2025,17,103,IL,Lee
17105,92.172851,2.348145,51,1975_2025,17,105,IL,Livingston
17107,110.050588,2.132547,50,1975_2025,17,107,IL,Logan
17109,99.896263,2.374672,48,1975_2025,17,109,IL,Mcdonough
17111,92.592221,2.008317,46,1975_2025,17,111,IL,Mchenry
17113,102.158974,2.409014,51,1975_2025,17,113,IL,Mclean
17115,113.732655,2.205910,51,1975_2025,17,115,IL,Macon
17117,99.403846,1.961258,51,1975_2025,17,117,IL,Macoupin
17119,82.446908,2.170281,51,1975_2025,17,119,IL,Madison
17121,66.288914,2.120443,51,1975_2025,17,121,IL,Marion
17123,94.436341,2.495178,49,1975_2025,17,123,IL,Marshall
17125,91.509456,2.170868,49,1975_2025,17,125,IL,Mason
17127,71.898216,1.992076,47,1975_2025,17,127,IL,Massac
17129,107.777329,2.165903,48,1975_2025,17,129,IL,Menard
17131,96.139740,2.437958,48,1975_2025,17,131,IL,Mercer
17133,84.835671,1.628534,51,1975_2025,17,133,IL,Monroe
17135,97.088941,2.083472,50,1975_2025,17,135,IL,Montgomery
17137,112.898070,1.964457,49,1975_2025,17,137,IL,Morgan
17139,118.137328,1.867075,50,1975_2025,17,139,IL,Moultrie
17141,98.584389,2.328860,51,1975_2025,17,141,IL,Ogle
17143,91.817647,2.612941,51,1975_2025,17,143,IL,Peoria
17145,65.285635,1.492949,48,1975_2025,17,145,IL,Perry
17147,115.119231,2.119231,51,1975_2025,17,147,IL,Piatt
17149,92.141714,1.971084,47,1975_2025,17,149,IL,Pike
17151,60.881855,1.826732,41,1975_2025,17,151,IL,Pope
17153,73.953532,2.103753,50,1975_2025,17,153,IL,Pulaski
17155,98.525464,2.356574,48,1975_2025,17,155,IL,Putnam
17157,69.248979,1.778376,50,1975_2025,17,157,IL,Randolph
17159,74.409323,1.727463,48,1975_2025,17,159,IL,Richland
17161,91.778753,2.574253,48,1975_2025,17,161,IL,Rock Island
17163,86.978281,1.796869,51,1975_2025,17,163,IL,St Clair
17165,69.049762,2.116883,48,1975_2025,17,165,IL,Saline
17167,112.892081,2.198434,51,1975_2025,17,167,IL,Sangamon
17169,89.244408,2.104612,49,1975_2025,17,169,IL,Schuyler
17171,103.693844,1.824776,48,1975_2025,17,171,IL,Scott
17173,102.184662,1.895405,50,1975_2025,17,173,IL,Shelby
17175,97.611388,2.628878,51,1975_2025,17,175,IL,Stark
17177,90.121644,2.461801,51,1975_2025,17,177,IL,Stephenson
17179,100.736802,2.449195,51,1975_2025,17,179,IL,Tazewell
17181,76.980494,1.646676,47,1975_2025,17,181,IL,Union
17183,100.987428,2.089706,50,1975_2025,17,183,IL,Vermilion
17185,84.704226,1.786111,50,1975_2025,17,185,IL,Wabash
17187,103.433365,2.426000,47,1975_2025,17,187,IL,Warren
17189,68.304072,2.065719,51,1975_2025,17,189,IL,Washington
17191,67.785923,2.068444,47,1975_2025,17,191,IL,Wayne
17193,76.421882,2.130127,50,1975_2025,17,193,IL,White
17195,95.735822,2.276371,51,1975_2025,17,195,IL,Whiteside
17197,87.739983,2.099278,49,1975_2025,17,197,IL,Will
17199,63.134266,1.909517,49,1975_2025,17,199,IL,Williamson
17201,90.669231,2.146878,51,1975_2025,17,201,IL,Winnebago
17203,98.242392,2.501126,50,1975_2025,17,203,IL,Woodford
18001,91.356074,1.823838,50,1975_2025,18,001,IN,Adams
18003,94.423152,1.804172,51,1975_2025,18,003,IN,Allen
18005,90.708370,1.926484,49,1975_2025,18,005,IN,Bartholomew
18007,95.584389,2.295448,51,1975_2025,18,007,IN,Benton
18009,91.913270,1.883798,49,1975_2025,18,009,IN,Blackford
18011,101.503394,1.945747,51,1975_2025,18,011,IN,Boone
18013,87.683131,1.253802,28,1975_2025,18,013,IN,Brown
18015,104.848130,2.077597,49,1975_2025,18,015,IN,Carroll
18017,99.827855,1.906564,48,1975_2025,18,017,IN,Cass
18019,81.318118,1.764240,50,1975_2025,18,019,IN,Clark
18021,95.386024,1.848223,49,1975_2025,18,021,IN,Clay
18023,102.241363,2.196533,50,1975_2025,18,023,IN,Clinton
18025,80.937169,1.170394,25,1975_2025,18,025,IN,Crawford
18027,95.749698,2.032208,51,1975_2025,18,027,IN,Daviess
18029,81.500706,1.700951,50,1975_2025,18,029,IN,Dearborn
18031,100.051735,1.998715,51,1975_2025,18,031,IN,Decatur
18033,83.288060,1.737561,49,1975_2025,18,033,IN,De Kalb
18035,97.687104,1.755339,51,1975_2025,18,035,IN,Delaware
18037,87.966040,1.910267,50,1975_2025,18,037,IN,Dubois
18039,91.931591,1.783139,49,1975_2025,18,039,IN,Elkhart
18041,92.330468,1.970389,51,1975_2025,18,041,IN,Fayette
18043,79.273924,1.474361,33,1975_2025,18,043,IN,Floyd
18045,99.928737,1.887042,45,1975_2025,18,045,IN,Fountain
18047,87.662519,1.953891,51,1975_2025,18,047,IN,Franklin
18049,84.506905,2.171747,49,1975_2025,18,049,IN,Fulton
18051,95.078959,1.946380,49,1975_2025,18,051,IN,Gibson
18053,101.664072,1.890686,46,1975_2025,18,053,IN,Grant
18055,90.013528,1.812197,46,1975_2025,18,055,IN,Greene
18057,99.670437,1.789339,51,1975_2025,18,057,IN,Hamilton
18059,99.888084,1.711692,51,1975_2025,18,059,IN,Hancock
18061,73.565611,1.954081,51,1975_2025,18,061,IN,Harrison
18063,100.148265,1.899167,51,1975_2025,18,063,IN,Hendricks
18065,93.101529,2.003170,48,1975_2025,18,065,IN,Henry
18067,105.592716,2.114684,50,1975_2025,18,067,IN,Howard
18069,93.808596,1.880725,49,1975_2025,18,069,IN,Huntington
18071,85.678810,1.702848,47,1975_2025,18,071,IN,Jackson
18073,92.672450,1.921499,48,1975_2025,18,073,IN,Jasper
18075,84.388359,1.845819,49,1975_2025,18,075,IN,Jay
18077,81.020483,1.768809,46,1975_2025,18,077,IN,Jefferson
18079,89.930118,1.674934,50,1975_2025,18,079,IN,Jennings
18081,100.565019,1.588757,50,1975_2025,18,081,IN,Johnson
18083,98.497636,1.886213,48,1975_2025,18,083,IN,Knox
18085,85.683484,2.094778,51,1975_2025,18,085,IN,Kosciusko
18087,90.806712,1.297928,51,1975_2025,18,087,IN,Lagrange
18089,88.977388,1.997273,48,1975_2025,18,089,IN,Lake
18091,98.056863,1.496471,51,1975_2025,18,091,IN,La Porte
18093,79.622534,1.826276,47,1975_2025,18,093,IN,Lawrence
18095,101.370513,1.952081,51,1975_2025,18,095,IN,Madison
18097,97.024480,1.731809,44,1975_2025,18,097,IN,Marion
18099,84.553167,2.069873,51,1975_2025,18,099,IN,Marshall
18101,87.256501,1.861511,45,1975_2025,18,101,IN,Martin
18103,97.477109,1.799090,49,1975_2025,18,103,IN,Miami
18105,86.335294,1.711376,50,1975_2025,18,105,IN,Monroe
18107,98.433710,2.227467,49,1975_2025,18,107,IN,Montgomery
18109,98.238468,1.725732,50,1975_2025,18,109,IN,Morgan
18111,98.279789,2.048652,51,1975_2025,18,111,IN,Newton
18113,84.496908,1.974163,51,1975_2025,18,113,IN,Noble
18115,79.000550,1.664915,34,1975_2025,18,115,IN,Ohio
18117,80.853191,2.116374,47,1975_2025,18,117,IN,Orange
18119,94.402219,1.470222,48,1975_2025,18,119,IN,Owen
18121,95.939828,1.757783,46,1975_2025,18,121,IN,Parke
18123,77.018908,1.964461,42,1975_2025,18,123,IN,Perry
18125,90.861202,1.616939,43,1975_2025,18,125,IN,Pike
18127,91.644816,2.000429,49,1975_2025,18,127,IN,Porter
18129,95.695023,1.973846,51,1975_2025,18,129,IN,Posey
18131,88.072730,1.803084,49,1975_2025,18,131,IN,Pulaski
18133,97.409592,1.875448,49,1975_2025,18,133,IN,Putnam
18135,89.149397,1.957005,51,1975_2025,18,135,IN,Randolph
18137,87.949278,1.734535,49,1975_2025,18,137,IN,Ripley
18139,101.324284,1.938715,51,1975_2025,18,139,IN,Rush
18141,89.879186,1.759656,51,1975_2025,18,141,IN,St. Joseph
18143,85.828438,1.836386,48,1975_2025,18,143,IN,Scott
18145,97.177828,1.776652,51,1975_2025,18,145,IN,Shelby
18147,82.143552,1.895963,48,1975_2025,18,147,IN,Spencer
18149,86.232916,1.586725,48,1975_2025,18,149,IN,Starke
18151,82.453669,1.685277,48,1975_2025,18,151,IN,Steuben
18153,95.933252,1.921809,49,1975_2025,18,153,IN,Sullivan
18155,77.463617,1.808041,36,1975_2025,18,155,IN,Switzerland
18157,95.131981,2.203647,50,1975_2025,18,157,IN,Tippecanoe
18159,104.184540,2.150109,51,1975_2025,18,159,IN,Tipton
18161,98.686425,2.054661,51,1975_2025,18,161,IN,Union
18163,92.213176,1.927136,50,1975_2025,18,163,IN,Vanderburgh
18165,103.078997,1.798855,48,1975_2025,18,165,IN,Vermillion
18167,92.231278,1.793361,48,1975_2025,18,167,IN,Vigo
18169,93.634411,1.921963,49,1975_2025,18,169,IN,Wabash
18171,96.962367,2.205753,48,1975_2025,18,171,IN,Warren
18173,86.880473,1.684635,48,1975_2025,18,173,IN,Warrick
18175,78.582376,1.809368,49,1975_2025,18,175,IN,Washington
18177,92.124962,1.865511,51,1975_2025,18,177,IN,Wayne
18179,93.405105,1.982860,48,1975_2025,18,179,IN,Wells
18181,100.799157,1.919866,49,1975_2025,18,181,IN,White
18183,86.244344,1.943638,51,1975_2025,18,183,IN,Whitley
19001,86.176519,2.014183,49,1975_2025,19,001,IA,Adair
19003,79.529619,2.129028,45,1975_2025,19,003,IA,Adams
19005,95.773756,2.171873,51,1975_2025,19,005,IA,Allamakee
19007,74.608869,1.787974,48,1975_2025,19,007,IA,Appanoose
19009,83.070362,2.546127,51,1975_2025,19,009,IA,Audubon
19011,90.309176,2.425666,50,1975_2025,19,011,IA,Benton
19013,99.150258,2.121994,50,1975_2025,19,013,IA,Black Hawk
19015,99.917647,2.209176,51,1975_2025,19,015,IA,Boone
19017,100.546833,2.239068,51,1975_2025,19,017,IA,Bremer
19019,99.820664,2.196507,51,1975_2025,19,019,IA,Buchanan
19021,100.491218,2.114795,50,1975_2025,19,021,IA,Buena Vista
19023,94.895400,2.332968,51,1975_2025,19,023,IA,Butler
19025,101.212066,2.113557,51,1975_2025,19,025,IA,Calhoun
19027,88.223529,2.491611,50,1975_2025,19,027,IA,Carroll
19029,88.535555,2.225691,50,1975_2025,19,029,IA,Cass
19031,105.657843,2.148353,51,1975_2025,19,031,IA,Cedar
19033,100.688630,2.011466,50,1975_2025,19,033,IA,Cerro Gordo
19035,95.590306,2.435789,50,1975_2025,19,035,IA,Cherokee
19037,89.791101,2.397846,51,1975_2025,19,037,IA,Chickasaw
19039,68.053977,1.870512,45,1975_2025,19,039,IA,Clarke
19041,100.426471,2.012353,51,1975_2025,19,041,IA,Clay
19043,98.014103,2.286181,51,1975_2025,19,043,IA,Clayton
19045,94.797210,2.406308,51,1975_2025,19,045,IA,Clinton
19047,76.037481,2.892697,51,1975_2025,19,047,IA,Crawford
19049,96.058883,2.085853,50,1975_2025,19,049,IA,Dallas
19051,74.581230,1.879414,50,1975_2025,19,051,IA,Davis
19053,71.391559,2.016103,48,1975_2025,19,053,IA,Decatur
19055,97.687179,2.361376,51,1975_2025,19,055,IA,Delaware
19057,95.884457,2.129192,50,1975_2025,19,057,IA,Des Moines
19059,97.010935,2.000425,51,1975_2025,19,059,IA,Dickinson
19061,94.504676,2.481774,51,1975_2025,19,061,IA,Dubuque
19063,102.502001,2.048857,48,1975_2025,19,063,IA,Emmet
19065,100.745412,2.125004,50,1975_2025,19,065,IA,Fayette
19067,96.091931,2.200950,51,1975_2025,19,067,IA,Floyd
19069,103.414329,2.114407,51,1975_2025,19,069,IA,Franklin
19071,82.429067,2.416610,50,1975_2025,19,071,IA,Fremont
19073,98.657919,2.186624,51,1975_2025,19,073,IA,Greene
19075,98.411994,2.343720,50,1975_2025,19,075,IA,Grundy
19077,87.419388,2.181622,48,1975_2025,19,077,IA,Guthrie
19079,105.557934,2.001549,50,1975_2025,19,079,IA,Hamilton
19081,104.527376,2.025729,51,1975_2025,19,081,IA,Hancock
19083,103.408060,2.115414,50,1975_2025,19,083,IA,Hardin
19085,86.173687,2.237291,48,1975_2025,19,085,IA,Harrison
19087,93.882202,1.942281,51,1975_2025,19,087,IA,Henry
19089,87.181297,2.444670,51,1975_2025,19,089,IA,Howard
19091,105.177828,1.992887,51,1975_2025,19,091,IA,Humboldt
19093,86.333771,2.731285,50,1975_2025,19,093,IA,Ida
19095,85.678374,2.506331,50,1975_2025,19,095,IA,Iowa
19097,83.659502,2.449149,51,1975_2025,19,097,IA,Jackson
19099,89.899719,2.606290,48,1975_2025,19,099,IA,Jasper
19101,84.581750,1.982063,51,1975_2025,19,101,IA,Jefferson
19103,89.939658,2.273000,50,1975_2025,19,103,IA,Johnson
19105,95.997706,2.272754,50,1975_2025,19,105,IA,Jones
19107,88.535525,2.073674,50,1975_2025,19,107,IA,Keokuk
19109,107.677463,1.969868,49,1975_2025,19,109,IA,Kossuth
19111,82.503318,2.129593,51,1975_2025,19,111,IA,Lee
19113,91.236562,2.390050,50,1975_2025,19,113,IA,Linn
19115,92.150678,2.103753,49,1975_2025,19,115,IA,Louisa
19117,71.462608,1.798594,47,1975_2025,19,117,IA,Lucas
19119,83.438118,2.677383,50,1975_2025,19,119,IA,Lyon
19121,82.777939,2.109790,50,1975_2025,19,121,IA,Madison
19123,84.937557,2.458027,51,1975_2025,19,123,IA,Mahaska
19125,82.095734,2.291962,50,1975_2025,19,125,IA,Marion
19127,92.775581,2.612539,49,1975_2025,19,127,IA,Marshall
19129,85.247184,2.292523,49,1975_2025,19,129,IA,Mills
19131,94.515686,2.329412,51,1975_2025,19,131,IA,Mitchell
19133,78.292383,2.319520,51,1975_2025,19,133,IA,Monona
19135,72.973503,1.979129,50,1975_2025,19,135,IA,Monroe
19137,82.718477,2.370163,51,1975_2025,19,137,IA,Montgomery
19139,94.840271,2.167095,51,1975_2025,19,139,IA,Muscatine
19141,100.566214,2.321430,51,1975_2025,19,141,IA,O Brien
19143,95.778602,2.323140,50,1975_2025,19,143,IA,Osceola
19145,76.438588,2.367731,50,1975_2025,19,145,IA,Page
19147,101.242609,2.025511,51,1975_2025,19,147,IA,Palo Alto
19149,80.807244,2.633767,49,1975_2025,19,149,IA,Plymouth
19151,102.783257,2.120176,50,1975_2025,19,151,IA,Pocahontas
19153,97.608597,2.127656,51,1975_2025,19,153,IA,Polk
19155,89.841752,2.337949,48,1975_2025,19,155,IA,Pottawattamie
19157,87.592006,2.489575,51,1975_2025,19,157,IA,Poweshiek
19159,70.056243,1.870993,47,1975_2025,19,159,IA,Ringgold
19161,88.541327,2.561249,51,1975_2025,19,161,IA,Sac
19163,106.162519,2.143068,51,1975_2025,19,163,IA,Scott
19165,84.488879,2.583393,48,1975_2025,19,165,IA,Shelby
19167,88.119592,2.712704,49,1975_2025,19,167,IA,Sioux
19169,100.801056,2.087566,51,1975_2025,19,169,IA,Story
19171,95.857714,2.254398,49,1975_2025,19,171,IA,Tama
19173,67.615733,2.228999,50,1975_2025,19,173,IA,Taylor
19175,74.451423,2.119798,49,1975_2025,19,175,IA,Union
19177,74.418531,1.974143,49,1975_2025,19,177,IA,Van Buren
19179,88.290966,1.838244,49,1975_2025,19,179,IA,Wapello
19181,86.931845,1.896982,48,1975_2025,19,181,IA,Warren
19183,92.495861,2.202460,49,1975_2025,19,183,IA,Washington
19185,70.059910,1.960110,48,1975_2025,19,185,IA,Wayne
19187,106.257919,2.057213,51,1975_2025,19,187,IA,Webster
19189,99.893665,2.170371,51,1975_2025,19,189,IA,Winnebago
19191,92.005732,2.357810,51,1975_2025,19,191,IA,Winneshiek
19193,76.223756,2.666579,51,1975_2025,19,193,IA,Woodbury
19195,99.171342,2.135656,51,1975_2025,19,195,IA,Worth
19197,108.398834,1.890994,50,1975_2025,19,197,IA,Wright
26001,68.306913,0.798486,33,1975_2025,26,001,MI,Alcona
26003,56.597339,2.429376,12,1975_2025,26,003,MI,Alger
26005,73.222483,2.040639,49,1975_2025,26,005,MI,Allegan
26007,58.652549,1.565459,50,1975_2025,26,007,MI,Alpena
26009,67.095051,1.191529,45,1975_2025,26,009,MI,Antrim
26011,77.792572,1.762487,50,1975_2025,26,011,MI,Arenac
26013,55.512146,1.760798,12,1975_2025,26,013,MI,Baraga
26015,73.722398,1.967339,51,1975_2025,26,015,MI,Barry
26017,85.073591,1.932000,50,1975_2025,26,017,MI,Bay
26019,57.090361,1.330642,40,1975_2025,26,019,MI,Benzie
26021,71.887454,2.136670,46,1975_2025,26,021,MI,Berrien
26023,82.903108,1.748508,48,1975_2025,26,023,MI,Branch
26025,76.657768,1.617140,51,1975_2025,26,025,MI,Calhoun
26027,79.226772,1.787321,51,1975_2025,26,027,MI,Cass
26029,68.276823,1.100958,47,1975_2025,26,029,MI,Charlevoix
26031,63.703695,1.217626,26,1975_2025,26,031,MI,Cheboygan
26033,61.227174,1.411957,14,1975_2025,26,033,MI,Chippewa
26035,59.542432,1.711873,41,1975_2025,26,035,MI,Clare
26037,76.100127,1.949536,47,1975_2025,26,037,MI,Clinton
26041,59.809748,1.092593,44,1975_2025,26,041,MI,Delta
26043,59.169338,1.170893,31,1975_2025,26,043,MI,Dickinson
26045,77.478050,2.039787,50,1975_2025,26,045,MI,Eaton
26047,66.213271,1.024607,41,1975_2025,26,047,MI,Emmet
26049,73.664994,1.646212,49,1975_2025,26,049,MI,Genesee
26051,60.228842,2.113869,47,1975_2025,26,051,MI,Gladwin
26053,46.559621,3.180678,9,1975_2025,26,053,MI,Gogebic
26055,61.243047,1.201175,50,1975_2025,26,055,MI,Grand Traverse
26057,83.116813,1.918698,49,1975_2025,26,057,MI,Gratiot
26059,74.419155,1.948489,51,1975_2025,26,059,MI,Hillsdale
26061,57.194167,2.767500,15,1975_2025,26,061,MI,Houghton
26063,81.908597,2.326715,51,1975_2025,26,063,MI,Huron
26065,75.001961,2.007529,51,1975_2025,26,065,MI,Ingham
26067,75.728431,2.194706,51,1975_2025,26,067,MI,Ionia
26069,69.103283,1.643423,46,1975_2025,26,069,MI,Iosco
26071,54.001866,1.981157,11,1975_2025,26,071,MI,Iron
26073,64.924735,2.021418,49,1975_2025,26,073,MI,Isabella
26075,72.213725,1.675529,51,1975_2025,26,075,MI,Jackson
26077,79.653565,1.703575,47,1975_2025,26,077,MI,Kalamazoo
26079,67.386909,0.957311,27,1975_2025,26,079,MI,Kalkaska
26081,72.328898,1.992418,49,1975_2025,26,081,MI,Kent
26085,50.010791,1.853051,33,1975_2025,26,085,MI,Lake
26087,73.603017,2.016977,51,1975_2025,26,087,MI,Lapeer
26089,70.480188,0.555701,45,1975_2025,26,089,MI,Leelanau
26091,86.019231,1.954995,51,1975_2025,26,091,MI,Lenawee
26093,69.448265,1.952109,51,1975_2025,26,093,MI,Livingston
26095,55.495434,1.894830,11,1975_2025,26,095,MI,Luce
26097,67.772295,0.590596,16,1975_2025,26,097,MI,Mackinac
26099,76.662588,1.933282,50,1975_2025,26,099,MI,Macomb
26101,53.865910,1.445712,41,1975_2025,26,101,MI,Manistee
26103,83.501275,-1.794792,18,1975_2025,26,103,MI,Marquette
26105,55.182525,2.020808,46,1975_2025,26,105,MI,Mason
26107,62.241478,1.754733,51,1975_2025,26,107,MI,Mecosta
26109,64.303320,1.069714,42,1975_2025,26,109,MI,Menominee
26111,76.798948,2.120108,50,1975_2025,26,111,MI,Midland
26113,64.675298,1.870228,47,1975_2025,26,113,MI,Missaukee
26115,88.560860,1.869801,51,1975_2025,26,115,MI,Monroe
26117,69.717949,1.932851,51,1975_2025,26,117,MI,Montcalm
26119,64.221172,1.243093,42,1975_2025,26,119,MI,Montmorency
26121,59.635269,1.871970,47,1975_2025,26,121,MI,Muskegon
26123,61.758974,1.816778,51,1975_2025,26,123,MI,Newaygo
26125,69.078817,1.705523,41,1975_2025,26,125,MI,Oakland
26127,59.587514,1.747481,45,1975_2025,26,127,MI,Oceana
26129,66.232329,1.877351,50,1975_2025,26,129,MI,Ogemaw
26131,56.849915,1.778506,12,1975_2025,26,131,MI,Ontonagon
26133,64.332167,1.622406,43,1975_2025,26,133,MI,Osceola
26135,64.939586,1.141197,22,1975_2025,26,135,MI,Oscoda
26137,69.594720,0.972921,39,1975_2025,26,137,MI,Otsego
26139,70.512801,1.941008,47,1975_2025,26,139,MI,Ottawa
26141,65.788473,1.308609,47,1975_2025,26,141,MI,Presque Isle
26143,85.351351,-1.052703,8,1975_2025,26,143,MI,Roscommon
26145,83.196078,1.941647,51,1975_2025,26,145,MI,Saginaw
26147,73.180166,2.003538,51,1975_2025,26,147,MI,St Clair
26149,93.245589,1.244465,48,1975_2025,26,149,MI,St Joseph
26151,76.841176,2.324235,51,1975_2025,26,151,MI,Sanilac
26153,63.525654,1.444241,13,1975_2025,26,153,MI,Schoolcraft
26155,69.732943,2.012786,50,1975_2025,26,155,MI,Shiawassee
26157,82.421946,2.119122,51,1975_2025,26,157,MI,Tuscola
26159,66.460193,2.101088,43,1975_2025,26,159,MI,Van Buren
26161,70.942986,1.910751,51,1975_2025,26,161,MI,Washtenaw
26163,85.258860,1.119726,42,1975_2025,26,163,MI,Wayne
26165,60.449967,1.211548,42,1975_2025,26,165,MI,Wexford
27001,65.052329,1.200036,32,1975_2025,27,001,MN,Aitkin
27003,65.710135,1.643790,49,1975_2025,27,003,MN,Anoka
27005,44.499649,2.423105,47,1975_2025,27,005,MN,Becker
27007,53.239140,1.478857,33,1975_2025,27,007,MN,Beltrami
27009,65.657391,2.040606,51,1975_2025,27,009,MN,Benton
27011,59.949925,2.633846,51,1975_2025,27,011,MN,Big Stone
27013,96.603469,2.225195,51,1975_2025,27,013,MN,Blue Earth
27015,90.603167,2.286932,51,1975_2025,27,015,MN,Brown
27017,62.686748,1.539256,30,1975_2025,27,017,MN,Carlton
27019,91.054072,2.140661,51,1975_2025,27,019,MN,Carver
27021,47.626292,2.125942,34,1975_2025,27,021,MN,Cass
27023,71.185588,2.775704,49,1975_2025,27,023,MN,Chippewa
27025,66.339765,1.901887,50,1975_2025,27,025,MN,Chisago
27027,51.115926,2.486567,50,1975_2025,27,027,MN,Clay
27029,48.802079,1.809365,40,1975_2025,27,029,MN,Clearwater
27033,87.417119,2.374217,51,1975_2025,27,033,MN,Cottonwood
27035,45.274806,1.896578,44,1975_2025,27,035,MN,Crow Wing
27037,91.635671,2.229240,51,1975_2025,27,037,MN,Dakota
27039,91.709522,2.513526,50,1975_2025,27,039,MN,Dodge
27041,51.953894,2.619585,47,1975_2025,27,041,MN,Douglas
27043,102.856510,2.181181,49,1975_2025,27,043,MN,Faribault
27045,92.820664,2.321448,51,1975_2025,27,045,MN,Fillmore
27047,99.957617,2.105303,51,1975_2025,27,047,MN,Freeborn
27049,96.176998,2.322489,51,1975_2025,27,049,MN,Goodhue
27051,66.252158,2.568338,50,1975_2025,27,051,MN,Grant
27053,80.765588,2.022418,49,1975_2025,27,053,MN,Hennepin
27055,103.269080,1.898335,51,1975_2025,27,055,MN,Houston
27057,59.120397,2.042260,38,1975_2025,27,057,MN,Hubbard
27059,69.483860,1.675451,50,1975_2025,27,059,MN,Isanti
27061,61.039785,1.115908,18,1975_2025,27,061,MN,Itasca
27063,92.881825,2.204100,51,1975_2025,27,063,MN,Jackson
27065,62.518132,1.700562,43,1975_2025,27,065,MN,Kanabec
27067,77.616929,2.523539,48,1975_2025,27,067,MN,Kandiyohi
27069,41.122724,2.061672,36,1975_2025,27,069,MN,Kittson
27071,58.013365,1.685331,14,1975_2025,27,071,MN,Koochiching
27073,61.532037,2.798926,49,1975_2025,27,073,MN,Lac Qui Parle
27077,69.440972,-1.364583,9,1975_2025,27,077,MN,Lake Of The Woods
27079,91.695854,2.251265,50,1975_2025,27,079,MN,Le Sueur
27081,60.487155,2.647856,48,1975_2025,27,081,MN,Lincoln
27083,69.640476,2.641717,48,1975_2025,27,083,MN,Lyon
27085,91.525792,2.134733,51,1975_2025,27,085,MN,Mcleod
27087,44.148040,2.409233,46,1975_2025,27,087,MN,Mahnomen
27089,36.677084,2.268681,49,1975_2025,27,089,MN,Marshall
27091,101.558844,2.202106,48,1975_2025,27,091,MN,Martin
27093,80.288726,2.183223,49,1975_2025,27,093,MN,Meeker
27095,66.785456,1.715525,50,1975_2025,27,095,MN,Mille Lacs
27097,53.687481,2.217991,51,1975_2025,27,097,MN,Morrison
27099,93.005615,2.341920,50,1975_2025,27,099,MN,Mower
27101,72.785034,2.651612,48,1975_2025,27,101,MN,Murray
27103,97.989367,2.249837,51,1975_2025,27,103,MN,Nicollet
27105,79.484000,2.414204,50,1975_2025,27,105,MN,Nobles
27107,45.353973,2.346108,48,1975_2025,27,107,MN,Norman
27109,92.186199,2.350434,51,1975_2025,27,109,MN,Olmsted
27111,52.571267,2.587032,51,1975_2025,27,111,MN,Otter Tail
27113,42.038474,1.982470,37,1975_2025,27,113,MN,Pennington
27115,59.973557,1.877513,49,1975_2025,27,115,MN,Pine
27117,62.561549,2.626806,49,1975_2025,27,117,MN,Pipestone
27119,48.974825,2.095762,47,1975_2025,27,119,MN,Polk
27121,69.721192,2.448643,51,1975_2025,27,121,MN,Pope
27123,70.773402,2.889187,13,1975_2025,27,123,MN,Ramsey
27125,44.170106,2.189815,47,1975_2025,27,125,MN,Red Lake
27127,85.831765,2.331112,50,1975_2025,27,127,MN,Redwood
27129,89.282730,2.355828,51,1975_2025,27,129,MN,Renville
27131,94.023000,2.220593,50,1975_2025,27,131,MN,Rice
27133,79.264201,2.586452,48,1975_2025,27,133,MN,Rock
27135,42.357254,1.871219,43,1975_2025,27,135,MN,Roseau
27137,41.042447,2.267804,9,1975_2025,27,137,MN,St. Louis
27139,89.068091,2.229515,49,1975_2025,27,139,MN,Scott
27141,74.923968,1.998378,50,1975_2025,27,141,MN,Sherburne
27143,96.496833,2.136362,51,1975_2025,27,143,MN,Sibley
27145,68.984163,2.304163,51,1975_2025,27,145,MN,Stearns
27147,91.905204,2.334380,51,1975_2025,27,147,MN,Steele
27149,76.343288,2.476072,51,1975_2025,27,149,MN,Stevens
27151,74.647554,2.570319,50,1975_2025,27,151,MN,Swift
27153,58.593412,1.925575,50,1975_2025,27,153,MN,Todd
27155,57.698345,2.742400,50,1975_2025,27,155,MN,Traverse
27157,99.894817,2.201597,50,1975_2025,27,157,MN,Wabasha
27159,47.037104,2.321104,51,1975_2025,27,159,MN,Wadena
27161,100.104977,2.183801,51,1975_2025,27,161,MN,Waseca
27163,79.995400,2.266380,51,1975_2025,27,163,MN,Washington
27165,99.066742,2.203448,51,1975_2025,27,165,MN,Watonwan
27167,54.563364,2.433077,49,1975_2025,27,167,MN,Wilkin
27169,100.237481,2.163756,51,1975_2025,27,169,MN,Winona
27171,76.402392,2.168556,48,1975_2025,27,171,MN,Wright
27173,70.393274,2.628693,48,1975_2025,27,173,MN,Yellow Medicine
31001,110.292941,2.092778,50,1975_2025,31,001,NE,Adams
31003,79.265894,2.838722,45,1975_2025,31,003,NE,Antelope
31005,100.026916,1.363469,33,1975_2025,31,005,NE,Arthur
31007,106.253901,-0.172900,39,1975_2025,31,007,NE,Banner
31009,98.360274,1.466405,36,1975_2025,31,009,NE,Blaine
31011,78.602330,2.583448,47,1975_2025,31,011,NE,Boone
31013,107.189291,1.127801,51,1975_2025,31,013,NE,Box Butte
31015,39.654549,2.163138,47,1975_2025,31,015,NE,Boyd
31017,91.303208,2.595750,48,1975_2025,31,017,NE,Brown
31019,111.715055,1.972374,50,1975_2025,31,019,NE,Buffalo
31021,75.569759,2.471955,51,1975_2025,31,021,NE,Burt
31023,89.586199,2.145964,51,1975_2025,31,023,NE,Butler
31025,67.802559,2.364989,50,1975_2025,31,025,NE,Cass
31027,54.055279,2.995593,51,1975_2025,31,027,NE,Cedar
31029,120.966591,1.278905,51,1975_2025,31,029,NE,Chase
31031,83.837534,2.605927,44,1975_2025,31,031,NE,Cherry
31033,110.151695,0.339831,42,1975_2025,31,033,NE,Cheyenne
31035,115.483656,1.721902,50,1975_2025,31,035,NE,Clay
31037,77.652338,2.519240,51,1975_2025,31,037,NE,Colfax
31039,65.496078,2.838353,51,1975_2025,31,039,NE,Cuming
31041,91.107775,2.231119,48,1975_2025,31,041,NE,Custer
31043,69.590645,2.640438,45,1975_2025,31,043,NE,Dakota
31045,95.506267,0.799575,41,1975_2025,31,045,NE,Dawes
31047,115.469335,2.051954,48,1975_2025,31,047,NE,Dawson
31049,129.447577,-0.276418,45,1975_2025,31,049,NE,Deuel
31051,51.886847,2.925912,47,1975_2025,31,051,NE,Dixon
31053,78.016327,2.527041,49,1975_2025,31,053,NE,Dodge
31055,76.676575,2.286030,49,1975_2025,31,055,NE,Douglas
31057,106.083460,1.287349,50,1975_2025,31,057,NE,Dundy
31059,112.309333,1.887144,49,1975_2025,31,059,NE,Fillmore
31061,113.615083,1.632887,51,1975_2025,31,061,NE,Franklin
31063,113.441255,0.538465,48,1975_2025,31,063,NE,Frontier
31065,101.501810,0.707928,51,1975_2025,31,065,NE,Furnas
31067,92.195908,1.329775,50,1975_2025,31,067,NE,Gage
31069,112.344136,0.556553,43,1975_2025,31,069,NE,Garden
31071,84.013882,2.295515,50,1975_2025,31,071,NE,Garfield
31073,115.282925,1.647067,47,1975_2025,31,073,NE,Gosper
31075,102.626316,0.626316,19,1975_2025,31,075,NE,Grant
31077,80.959837,2.450143,49,1975_2025,31,077,NE,Greeley
31079,110.720373,2.061417,50,1975_2025,31,079,NE,Hall
31081,111.084610,2.362384,50,1975_2025,31,081,NE,Hamilton
31083,110.137632,1.493946,51,1975_2025,31,083,NE,Harlan
31085,85.950905,1.414905,51,1975_2025,31,085,NE,Hayes
31087,112.123441,0.087373,47,1975_2025,31,087,NE,Hitchcock
31089,106.255209,2.158274,48,1975_2025,31,089,NE,Holt
31091,85.384211,2.226316,19,1975_2025,31,091,NE,Hooker
31093,95.709502,2.016090,51,1975_2025,31,093,NE,Howard
31095,109.828396,1.177201,50,1975_2025,31,095,NE,Jefferson
31097,70.476710,1.755138,50,1975_2025,31,097,NE,Johnson
31099,117.867720,2.030199,50,1975_2025,31,099,NE,Kearney
31101,115.772399,1.034353,48,1975_2025,31,101,NE,Keith
31103,67.847660,2.553190,50,1975_2025,31,103,NE,Keya Paha
31105,93.701584,0.276120,42,1975_2025,31,105,NE,Kimball
31107,51.203243,2.789910,51,1975_2025,31,107,NE,Knox
31109,80.529176,1.601095,50,1975_2025,31,109,NE,Lancaster
31111,108.644570,1.637982,51,1975_2025,31,111,NE,Lincoln
31113,76.954806,2.365664,49,1975_2025,31,113,NE,Logan
31115,86.734202,1.833703,40,1975_2025,31,115,NE,Loup
31117,73.432983,2.642224,35,1975_2025,31,117,NE,Mcpherson
31119,75.291837,2.406633,49,1975_2025,31,119,NE,Madison
31121,103.199589,1.897986,47,1975_2025,31,121,NE,Merrick
31123,104.028582,1.526778,51,1975_2025,31,123,NE,Morrill
31125,83.933042,2.132347,48,1975_2025,31,125,NE,Nance
31127,61.873720,2.370566,50,1975_2025,31,127,NE,Nemaha
31129,115.429167,1.164103,48,1975_2025,31,129,NE,Nuckolls
31131,66.526498,1.975638,49,1975_2025,31,131,NE,Otoe
31133,53.002338,2.063357,51,1975_2025,31,133,NE,Pawnee
31135,128.638564,0.224965,47,1975_2025,31,135,NE,Perkins
31137,118.826320,2.287104,51,1975_2025,31,137,NE,Phelps
31139,73.985409,2.592111,49,1975_2025,31,139,NE,Pierce
31141,82.847294,2.567376,50,1975_2025,31,141,NE,Platte
31143,103.638915,2.037826,48,1975_2025,31,143,NE,Polk
31145,109.006378,0.599382,48,1975_2025,31,145,NE,Red Willow
31147,64.112269,2.330332,50,1975_2025,31,147,NE,Richardson
31149,95.946173,2.299155,43,1975_2025,31,149,NE,Rock
31151,105.233301,1.402063,50,1975_2025,31,151,NE,Saline
31153,66.453418,2.569255,49,1975_2025,31,153,NE,Sarpy
31155,73.973394,2.440088,49,1975_2025,31,155,NE,Saunders
31157,105.653647,1.420831,50,1975_2025,31,157,NE,Scotts Bluff
31159,104.070663,1.729706,48,1975_2025,31,159,NE,Seward
31161,93.493654,1.437592,48,1975_2025,31,161,NE,Sheridan
31163,90.778431,2.158353,51,1975_2025,31,163,NE,Sherman
31165,97.322108,1.741973,48,1975_2025,31,165,NE,Sioux
31167,63.245079,2.630469,50,1975_2025,31,167,NE,Stanton
31169,117.707765,1.473642,50,1975_2025,31,169,NE,Thayer
31171,94.632409,1.668163,28,1975_2025,31,171,NE,Thomas
31173,64.325498,2.599155,45,1975_2025,31,173,NE,Thurston
31175,91.907802,2.267486,50,1975_2025,31,175,NE,Valley
31177,76.914118,2.208648,50,1975_2025,31,177,NE,Washington
31179,59.410588,2.777772,50,1975_2025,31,179,NE,Wayne
31181,108.266222,1.161961,48,1975_2025,31,181,NE,Webster
31183,90.752519,2.360740,41,1975_2025,31,183,NE,Wheeler
31185,111.251707,2.218495,48,1975_2025,31,185,NE,York
39001,76.512678,1.590753,49,1975_2025,39,001,OH,Adams
39003,99.236944,1.656501,50,1975_2025,39,003,OH,Allen
39005,87.338150,1.451425,46,1975_2025,39,005,OH,Ashland
39007,79.735671,1.745946,51,1975_2025,39,007,OH,Ashtabula
39009,69.706486,1.997937,51,1975_2025,39,009,OH,Athens
39011,92.594570,1.815276,51,1975_2025,39,011,OH,Auglaize
39013,80.451783,0.978804,39,1975_2025,39,013,OH,Belmont
39015,80.403092,2.035249,51,1975_2025,39,015,OH,Brown
39017,87.049856,1.731119,50,1975_2025,39,017,OH,Butler
39019,86.627182,0.739114,50,1975_2025,39,019,OH,Carroll
39021,96.664178,1.830688,51,1975_2025,39,021,OH,Champaign
39023,96.523379,2.038986,51,1975_2025,39,023,OH,Clark
39025,81.074118,1.999034,46,1975_2025,39,025,OH,Clermont
39027,95.535747,2.220217,51,1975_2025,39,027,OH,Clinton
39029,88.215988,1.404615,51,1975_2025,39,029,OH,Columbiana
39031,100.450679,1.318679,51,1975_2025,39,031,OH,Coshocton
39033,96.830166,2.016833,51,1975_2025,39,033,OH,Crawford
39035,90.608553,-0.524342,7,1975_2025,39,035,OH,Cuyahoga
39037,94.978857,1.902327,49,1975_2025,39,037,OH,Darke
39039,90.269005,1.628769,51,1975_2025,39,039,OH,Defiance
39041,87.720207,1.876777,50,1975_2025,39,041,OH,Delaware
39043,101.543066,1.631451,49,1975_2025,39,043,OH,Erie
39045,90.388144,1.901621,50,1975_2025,39,045,OH,Fairfield
39047,96.870445,1.838481,50,1975_2025,39,047,OH,Fayette
39049,86.655028,1.823116,45,1975_2025,39,049,OH,Franklin
39051,101.186576,1.786262,51,1975_2025,39,051,OH,Fulton
39053,78.168598,1.636947,47,1975_2025,39,053,OH,Gallia
39055,79.894078,1.440021,48,1975_2025,39,055,OH,Geauga
39057,96.058145,2.090145,51,1975_2025,39,057,OH,Greene
39059,78.167604,1.546752,50,1975_2025,39,059,OH,Guernsey
39061,84.421746,1.958739,47,1975_2025,39,061,OH,Hamilton
39063,100.855465,1.561247,48,1975_2025,39,063,OH,Hancock
39065,96.099623,1.624878,51,1975_2025,39,065,OH,Hardin
39067,75.498958,1.414755,47,1975_2025,39,067,OH,Harrison
39069,105.369617,1.665491,50,1975_2025,39,069,OH,Henry
39071,90.082881,1.793548,51,1975_2025,39,071,OH,Highland
39073,84.299761,1.616487,42,1975_2025,39,073,OH,Hocking
39075,90.358597,1.437186,51,1975_2025,39,075,OH,Holmes
39077,94.709177,1.726353,50,1975_2025,39,077,OH,Huron
39079,83.673051,1.364320,47,1975_2025,39,079,OH,Jackson
39081,79.091713,1.250067,45,1975_2025,39,081,OH,Jefferson
39083,89.059050,1.757873,51,1975_2025,39,083,OH,Knox
39085,80.790163,1.160770,9,1975_2025,39,085,OH,Lake
39087,79.675164,1.338126,44,1975_2025,39,087,OH,Lawrence
39089,87.141275,1.831644,47,1975_2025,39,089,OH,Licking
39091,91.042006,1.804281,51,1975_2025,39,091,OH,Logan
39093,83.193719,1.784421,46,1975_2025,39,093,OH,Lorain
39095,103.996531,1.708217,51,1975_2025,39,095,OH,Lucas
39097,94.257164,2.020145,51,1975_2025,39,097,OH,Madison
39099,83.451810,1.563575,51,1975_2025,39,099,OH,Mahoning
39101,90.211916,1.972620,50,1975_2025,39,101,OH,Marion
39103,82.630519,1.656667,50,1975_2025,39,103,OH,Medina
39105,75.965115,1.490237,48,1975_2025,39,105,OH,Meigs
39107,95.930122,1.815327,49,1975_2025,39,107,OH,Mercer
39109,95.902882,1.880633,50,1975_2025,39,109,OH,Miami
39111,81.471019,0.993071,37,1975_2025,39,111,OH,Monroe
39113,91.951131,1.718425,51,1975_2025,39,113,OH,Montgomery
39115,83.939140,1.326670,51,1975_2025,39,115,OH,Morgan
39117,87.350194,1.800588,47,1975_2025,39,117,OH,Morrow
39119,86.572323,1.794127,51,1975_2025,39,119,OH,Muskingum
39121,71.087343,1.523248,39,1975_2025,39,121,OH,Noble
39123,91.143437,1.790437,50,1975_2025,39,123,OH,Ottawa
39125,95.919395,1.552259,50,1975_2025,39,125,OH,Paulding
39127,86.488239,1.836851,46,1975_2025,39,127,OH,Perry
39129,90.687330,1.774860,51,1975_2025,39,129,OH,Pickaway
39131,74.480657,1.957155,48,1975_2025,39,131,OH,Pike
39133,80.485969,1.535859,50,1975_2025,39,133,OH,Portage
39135,95.416440,1.875656,51,1975_2025,39,135,OH,Preble
39137,97.652564,1.739937,51,1975_2025,39,137,OH,Putnam
39139,88.375456,1.730778,49,1975_2025,39,139,OH,Richland
39141,86.423951,1.956222,50,1975_2025,39,141,OH,Ross
39143,100.251420,1.750390,50,1975_2025,39,143,OH,Sandusky
39145,77.485688,1.812895,50,1975_2025,39,145,OH,Scioto
39147,97.275085,1.612062,49,1975_2025,39,147,OH,Seneca
39149,93.698588,1.822098,50,1975_2025,39,149,OH,Shelby
39151,88.008795,1.419547,50,1975_2025,39,151,OH,Stark
39153,88.361824,0.979836,36,1975_2025,39,153,OH,Summit
39155,81.878281,1.968633,51,1975_2025,39,155,OH,Trumbull
39157,90.207089,1.359403,51,1975_2025,39,157,OH,Tuscarawas
39159,88.927602,1.992543,51,1975_2025,39,159,OH,Union
39161,106.022857,1.460102,49,1975_2025,39,161,OH,Van Wert
39163,78.692934,1.723013,38,1975_2025,39,163,OH,Vinton
39165,90.106712,1.974398,51,1975_2025,39,165,OH,Warren
39167,85.038824,1.526987,50,1975_2025,39,167,OH,Washington
39169,91.294495,1.552063,51,1975_2025,39,169,OH,Wayne
39171,87.074218,1.813031,50,1975_2025,39,171,OH,Williams
39173,98.422509,1.736697,50,1975_2025,39,173,OH,Wood
39175,96.386425,1.716072,51,1975_2025,39,175,OH,Wyandot
55001,83.109519,1.186261,49,1975_2025,55,001,WI,Adams
55003,76.022570,0.604851,26,1975_2025,55,003,WI,Ashland
55005,73.624962,1.737511,51,1975_2025,55,005,WI,Barron
55007,77.504681,0.950125,22,1975_2025,55,007,WI,Bayfield
55009,79.863667,1.826260,47,1975_2025,55,009,WI,Brown
55011,91.351659,1.714326,51,1975_2025,55,011,WI,Buffalo
55013,69.216290,1.273466,51,1975_2025,55,013,WI,Burnett
55015,87.078508,1.745339,49,1975_2025,55,015,WI,Calumet
55017,79.050603,1.665113,51,1975_2025,55,017,WI,Chippewa
55019,75.608972,1.566978,50,1975_2025,55,019,WI,Clark
55021,89.030543,2.082778,51,1975_2025,55,021,WI,Columbia
55023,88.311161,1.748416,51,1975_2025,55,023,WI,Crawford
55025,89.105882,2.182118,51,1975_2025,55,025,WI,Dane
55027,88.142836,2.157032,51,1975_2025,55,027,WI,Dodge
55029,79.000586,1.399715,48,1975_2025,55,029,WI,Door
55031,92.026961,-0.846814,17,1975_2025,55,031,WI,Douglas
55033,80.714630,1.914787,51,1975_2025,55,033,WI,Dunn
55035,79.973267,1.846441,50,1975_2025,55,035,WI,Eau Claire
55037,80.601429,0.064060,20,1975_2025,55,037,WI,Florence
55039,85.428130,2.127502,51,1975_2025,55,039,WI,Fond Du Lac
55041,77.455714,0.945714,20,1975_2025,55,041,WI,Forest
55043,91.104299,2.280769,51,1975_2025,55,043,WI,Grant
55045,85.657188,2.177630,50,1975_2025,55,045,WI,Green
55047,83.314187,1.940009,50,1975_2025,55,047,WI,Green Lake
55049,84.476697,2.176932,51,1975_2025,55,049,WI,Iowa
55051,80.832632,-0.295439,19,1975_2025,55,051,WI,Iron
55053,82.948265,1.803873,51,1975_2025,55,053,WI,Jackson
55055,84.174663,2.027165,50,1975_2025,55,055,WI,Jefferson
55057,85.271569,1.544588,51,1975_2025,55,057,WI,Juneau
55059,90.707908,1.768866,49,1975_2025,55,059,WI,Kenosha
55061,84.941028,1.654901,47,1975_2025,55,061,WI,Kewaunee
55063,94.976848,1.655593,51,1975_2025,55,063,WI,La Crosse
55065,92.264630,2.337258,51,1975_2025,55,065,WI,Lafayette
55067,76.930967,1.270361,43,1975_2025,55,067,WI,Langlade
55069,73.508915,1.329129,49,1975_2025,55,069,WI,Lincoln
55071,83.161614,1.833692,51,1975_2025,55,071,WI,Manitowoc
55073,79.126638,1.411916,50,1975_2025,55,073,WI,Marathon
55075,73.427248,1.438058,49,1975_2025,55,075,WI,Marinette
55077,77.551734,1.280774,50,1975_2025,55,077,WI,Marquette
55079,81.078849,1.786759,41,1975_2025,55,079,WI,Milwaukee
55081,93.512368,1.407348,51,1975_2025,55,081,WI,Monroe
55083,74.187406,1.688661,51,1975_2025,55,083,WI,Oconto
55085,93.937976,-1.128311,13,1975_2025,55,085,WI,Oneida
55087,85.046682,1.758054,51,1975_2025,55,087,WI,Outagamie
55089,81.019822,1.798953,45,1975_2025,55,089,WI,Ozaukee
55091,85.667572,1.879258,51,1975_2025,55,091,WI,Pepin
55093,78.454902,2.313882,51,1975_2025,55,093,WI,Pierce
55095,73.600679,1.783267,51,1975_2025,55,095,WI,Polk
55097,84.810030,1.712462,51,1975_2025,55,097,WI,Portage
55099,76.399074,1.104755,44,1975_2025,55,099,WI,Price
55101,87.588009,1.923068,51,1975_2025,55,101,WI,Racine
55103,90.416742,1.591095,51,1975_2025,55,103,WI,Richland
55105,88.268627,2.193176,51,1975_2025,55,105,WI,Rock
55107,71.863046,1.412691,50,1975_2025,55,107,WI,Rusk
55109,74.836501,2.102462,51,1975_2025,55,109,WI,St Croix
55111,90.512745,1.685059,51,1975_2025,55,111,WI,Sauk
55113,67.925888,1.438412,46,1975_2025,55,113,WI,Sawyer
55115,80.015769,1.704332,50,1975_2025,55,115,WI,Shawano
55117,78.961765,1.857529,51,1975_2025,55,117,WI,Sheboygan
55119,75.943440,1.379890,47,1975_2025,55,119,WI,Taylor
55121,88.734615,1.604733,51,1975_2025,55,121,WI,Trempealeau
55123,93.752640,1.569502,51,1975_2025,55,123,WI,Vernon
55125,113.627536,-2.275362,9,1975_2025,55,125,WI,Vilas
55127,86.610483,2.077620,51,1975_2025,55,127,WI,Walworth
55129,64.175189,1.715973,51,1975_2025,55,129,WI,Washburn
55131,84.963801,1.727330,51,1975_2025,55,131,WI,Washington
55133,78.953243,2.018498,51,1975_2025,55,133,WI,Waukesha
55135,81.937783,1.657548,51,1975_2025,55,135,WI,Waupaca
55137,81.252564,1.829819,51,1975_2025,55,137,WI,Waushara
55139,80.204337,1.725088,50,1975_2025,55,139,WI,Winnebago
55141,78.578884,1.611747,51,1975_2025,55,141,WI,Wood
