year,price_base,price_pctchg,y_resid_17080,y_resid_17090,y_resid_18070,y_resid_39080,y_resid_18080,y_resid_18090,y_resid_17070,y_resid_17060,y_resid_39070,y_resid_39090,y_resid_18050,y_resid_18040,y_resid_39050,y_resid_18060,y_resid_39060,y_resid_31080,y_resid_39040,y_resid_31090,y_resid_17040,y_resid_17030,y_resid_17050,y_resid_31070,y_resid_19080,y_resid_19070,y_resid_19090,y_resid_18020,y_resid_18010,y_resid_39020,y_resid_39030,y_resid_39010,y_resid_18030,y_resid_31060,y_resid_31050,y_resid_31010,y_resid_17020,y_resid_17010,y_resid_19060,y_resid_31030,y_resid_19040,y_resid_19050,y_resid_31020,y_resid_26070,y_resid_26080,y_resid_26090,y_resid_19030,y_resid_55090,y_resid_55080,y_resid_19020,y_resid_55070,y_resid_19010,y_resid_26040,y_resid_26050,y_resid_26060,y_resid_27090,y_resid_27080,y_resid_27070,y_resid_55050,y_resid_55060,y_resid_55040,y_resid_26030,y_resid_26020,y_resid_55030,y_resid_27050,y_resid_55020,y_resid_27040,y_resid_27060,y_resid_55010,y_resid_26010,y_resid_27030,y_resid_27020,y_resid_27010
1975,2.70000,0.07407,8.46502,12.46943,6.27736,2.24490,-8.20579,-10.83744,16.78939,13.36703,-3.25863,-0.09893,1.36995,12.93076,-1.38300,-2.85085,-0.69526,-5.84486,6.46660,-6.28979,27.91831,21.21443,26.99286,-17.52656,-0.65994,-14.37411,6.49341,5.70054,9.58418,-0.73326,0.73484,-1.47743,-5.77745,-9.31711,-1.69556,-20.23655,12.06001,19.26313,6.41714,-8.04646,-1.51857,-0.03455,0.20849,7.58161,0.26952,3.94997,-4.57315,6.45143,6.30649,-7.32077,-1.59127,-6.50917,2.03014,6.54024,5.20729,-8.25841,-15.60838,-18.32978,-18.90216,-9.76230,-12.67528,9.23889,7.07935,-4.25195,-14.79768,-14.22659,-8.82806,-8.71029,-10.38816,-9.00456,-11.04245,-14.74310,-0.38302
1976,2.72000,-0.02574,-0.68786,11.52993,13.90513,13.54633,20.46191,14.86772,10.16026,-5.90178,11.43462,11.36954,13.50560,15.00019,15.62595,11.76724,10.10740,-4.90690,4.98210,-1.62743,19.06928,6.46888,19.13414,-17.54768,18.45375,14.40650,17.57390,13.47838,17.71213,6.19307,7.98923,0.25349,9.49654,-13.23385,-3.51050,-17.54698,5.76987,2.47260,5.99396,-18.27994,-16.88769,3.55985,0.94596,-4.50967,-12.24756,-8.26481,-8.86377,-19.17716,-25.12017,-11.26290,-21.76114,-24.22119,-12.95737,-7.82145,-7.95760,-19.31153,-22.49004,-38.66696,-17.64671,-7.73415,-17.72029,-14.59305,-10.43065,-13.89210,-29.56624,-10.52756,-35.17351,-19.79422,-25.22297,-20.98685,,-18.02488,-6.20786
1977,2.73000,-0.23443,9.74260,9.00709,8.61623,9.27276,16.35961,11.51733,10.26447,2.82941,2.64037,10.55619,-0.89000,4.24962,15.54323,1.42282,13.56720,-2.79394,-4.84685,-15.29007,1.76570,-14.38779,0.70399,-0.03546,-35.83256,-20.47955,-15.47289,2.52290,8.19564,13.70940,17.98530,9.25714,8.87053,-4.24434,6.68707,-6.20286,13.02518,13.59874,4.54078,11.66351,-18.28180,-37.27909,13.46469,8.02762,5.12627,15.01041,11.41833,19.59424,14.86985,-2.65957,17.54043,3.60846,1.37511,-12.72065,-3.12250,14.69091,9.61011,14.24031,6.48374,18.62733,10.89470,16.73057,5.71935,12.41775,12.56521,22.22146,12.11437,16.00745,22.58190,19.37922,,9.98500,15.75276
1978,2.27000,0.01762,6.25639,-5.59908,10.88566,12.37419,16.47732,10.80027,12.23535,1.63753,11.53362,7.97921,12.99565,13.58904,9.91885,11.82841,3.29843,1.74402,8.54642,17.12229,5.64394,7.97777,15.70242,-2.03436,18.50840,13.55662,12.77123,-0.29926,6.42359,2.98573,2.37303,-0.81194,1.14453,21.82642,12.93463,-4.61328,9.91687,10.80822,16.35760,22.03772,21.43241,11.07363,10.30216,8.75062,0.46373,-12.43437,14.96408,6.29422,5.29320,12.94376,8.42771,17.37143,5.66760,2.16766,-4.37072,15.00445,14.08299,14.80314,6.82670,6.61103,7.37969,12.74308,0.67934,12.54427,14.18237,6.59548,9.49392,9.10080,11.61217,7.54858,,2.36155,25.24338
1979,2.59000,0.07336,24.68685,21.46141,5.81343,11.32562,8.44502,7.26098,23.47289,20.36872,11.91437,7.89313,9.31880,11.70847,15.44446,12.19650,13.74395,7.83198,17.18414,21.59298,19.06763,24.89889,25.55798,5.48897,27.41300,28.02613,37.26080,7.98970,15.26266,18.62207,6.70242,16.34626,10.70741,18.65968,11.09470,3.28538,19.80855,20.51769,28.53442,20.10425,24.22996,28.02636,7.73963,9.83077,10.46483,14.97085,24.45527,8.97991,13.33321,19.89255,15.48642,19.17608,7.78009,12.93097,9.16439,8.99577,9.63769,8.42152,8.63215,3.15029,11.11469,12.91115,9.90934,-0.47922,6.09953,-1.63050,6.16514,4.05247,4.23132,4.89487,,3.35477,15.88855
1980,3.12000,0.15705,-29.96603,-21.47809,-0.73381,10.07705,2.50272,1.45504,-17.62290,-17.43855,16.40762,6.13433,-4.27055,-14.35210,9.84508,11.07708,-1.16768,-15.05506,7.94409,-26.54466,-24.87231,-5.73555,-31.30074,-20.52103,3.42669,-7.39326,14.28674,-15.57690,-23.67605,15.14840,8.88182,15.22263,4.05917,-20.01331,-17.67024,-2.76141,4.79114,7.47716,12.54124,-15.63692,-10.27249,6.21242,-9.01664,5.89664,11.16593,11.70607,13.58283,19.70846,14.32323,12.41406,9.60228,12.11406,17.69257,11.16927,6.38283,-3.92402,-3.19853,6.79545,7.65010,13.18955,-6.20032,5.53477,0.75933,14.94730,3.13098,12.76852,0.82802,13.72082,14.98381,19.19115,36.61853,16.38132,1.32462
1981,3.76000,-0.22606,13.96443,6.08240,3.41062,-1.52152,5.19042,-0.19536,14.01464,20.36956,-4.52413,-7.26993,0.34635,5.04733,-12.94597,-6.55483,-1.17930,15.80790,-7.88486,11.24269,16.09683,19.07445,14.69768,16.52452,31.42219,21.90958,25.43996,4.37872,6.76301,-1.16527,4.26455,-6.77372,-1.21128,12.10121,8.30233,13.40089,19.04645,20.10330,24.47805,4.80653,10.75007,17.99848,0.98333,5.39107,8.23066,8.22129,19.07403,20.49415,14.72991,18.45376,10.08956,17.25203,-2.87494,7.99508,13.08460,18.60064,10.14708,12.83605,17.48055,2.13992,12.32467,8.17283,4.26933,5.07381,13.23385,9.88004,14.99090,14.22249,7.21408,7.23359,,10.94121,21.54251
1982,3.00000,-0.26667,19.39489,18.72623,17.21339,4.79240,17.81812,12.20981,20.25218,18.48537,13.61912,13.20763,19.34450,17.50676,7.67964,17.77576,10.05193,-1.76664,9.34175,5.22172,19.33871,20.77334,25.12468,2.60340,0.77225,1.80131,19.70226,16.35657,26.87986,6.69106,3.46228,11.44811,11.78493,2.94697,-0.17511,2.64501,22.48359,15.81277,19.05487,9.81151,12.80595,14.34287,1.48955,20.01408,19.98631,9.70652,9.00158,13.85127,12.66992,10.47527,11.73398,6.74834,17.45754,14.73339,16.50304,3.56974,14.58360,19.20999,11.18601,8.97918,0.84966,2.09534,9.84932,0.91700,15.33673,2.74156,13.29545,4.55750,1.81102,17.74911,11.08292,8.56776,4.96041
1983,2.88000,0.20833,-34.67466,-38.71327,-43.20885,-25.43117,-43.85417,-50.52948,-48.44361,-46.24498,-37.58763,-22.40572,-37.38860,-38.28381,-28.91974,-36.08116,-9.90256,-11.66618,-47.58720,-19.52426,-37.41942,-44.41666,-31.44833,-9.15105,-47.86861,-23.39586,-58.71726,-30.26559,-31.18108,-11.25261,-4.20499,-18.52097,-25.75218,-14.83852,-12.05254,4.81640,-16.71564,-26.14442,-27.58831,-13.08350,-18.76317,-12.97107,-4.97922,-7.79149,-2.10350,4.27174,-11.25267,-1.30589,-14.59006,-16.91231,-8.53588,-27.43034,11.99003,-0.81580,6.00481,-11.12783,-25.16171,-20.52719,-0.40854,1.09622,2.78465,2.70785,4.61932,13.12685,-12.77468,11.71003,-12.51667,1.72585,12.93017,7.96572,0.81512,1.16098,0.10557
1984,2.86000,-0.02797,1.42247,2.34722,2.80225,15.44526,10.44353,4.58680,-10.27273,-4.74455,13.00562,8.34457,10.22830,6.80561,4.41421,12.58693,11.65725,5.24678,13.69496,5.02144,-0.17754,4.06001,-2.16419,0.13895,-8.18219,-12.52635,13.83596,3.91226,-2.41979,6.00372,8.94774,9.20995,6.67736,3.30724,1.04502,12.58779,-1.64214,1.73172,8.66851,4.52148,1.18438,-0.04334,8.51450,-16.85420,-17.46604,-8.56304,-2.68875,1.52266,3.68329,-5.30898,-0.04860,-8.62570,-1.53749,-12.34000,-2.84341,7.39683,9.09299,0.62453,1.95941,5.71325,7.96965,3.96036,7.15931,7.40336,2.89962,7.35032,-0.43712,-0.77248,4.02711,5.63344,-21.45269,-1.41247,-1.11290
1985,2.66000,-0.16165,9.85292,10.57438,4.28002,12.89669,10.35123,18.31418,12.36481,16.14049,19.16137,15.41303,17.48270,16.22504,18.66483,16.38002,8.33133,10.54724,18.27713,20.47546,24.60979,16.64780,26.40566,13.35116,28.12241,21.16537,18.52553,1.84566,4.89705,16.55005,13.67547,13.44087,5.56246,21.05300,4.99259,3.03191,14.06772,12.10786,3.17533,18.17262,13.55694,7.20939,6.58948,4.48309,10.50779,14.56218,0.90244,-0.62022,1.68997,10.08526,1.29582,11.10394,10.89500,9.33581,4.32503,-1.85629,10.80223,13.99846,6.61486,5.15251,1.39464,-2.83713,4.40931,4.71321,10.64536,5.70648,8.39243,8.37314,1.02404,16.44401,0.27951,-18.65258,-10.42228
1986,2.10000,-0.19524,1.78338,6.13488,11.59945,14.37312,10.49893,9.35268,22.60235,25.79475,11.94212,9.09968,6.86210,9.79447,10.81544,3.69810,16.79114,3.88520,17.17040,24.57949,20.48803,22.68002,8.54694,2.93005,22.33610,22.57932,20.49693,7.65684,-1.34166,17.80639,12.89320,22.48089,14.42534,19.18001,4.55265,16.33057,9.23213,10.15066,16.89215,12.96222,15.19615,11.61211,6.70820,4.32038,9.23616,8.93740,21.46637,15.95118,15.74665,19.95223,9.98311,15.52525,13.14749,4.33662,2.12680,16.22392,16.05693,15.37240,6.77032,5.54733,14.03963,0.05537,5.27930,0.92306,14.10537,10.56265,8.55531,13.06421,8.92098,10.02601,,15.10730,9.54107
1987,1.69000,0.08284,18.29717,20.27871,17.40222,-5.18795,8.95663,12.75784,27.50656,12.06441,10.44787,2.74088,21.37275,21.08390,5.34106,18.41619,9.59380,16.36066,12.08590,15.36685,5.00263,1.26780,14.68822,18.02004,14.34979,14.79327,-2.57714,16.64579,18.51963,11.29272,13.19093,-6.69728,10.54378,12.93827,13.06272,6.42923,7.57835,1.19347,-2.51103,7.56721,16.25204,16.21484,6.78942,2.24339,-5.20819,2.85262,13.43029,7.62259,3.53667,10.62828,8.18467,8.13823,0.49997,-9.30008,-3.15476,15.41524,16.76617,19.41300,8.23827,14.13103,17.04462,5.41122,-3.25070,5.21624,15.06539,17.63667,10.96819,18.58255,12.76236,12.64373,,18.95052,22.77714
1988,2.17000,0.33180,-17.52237,-13.74413,-25.61168,-28.88652,-28.69566,-19.54811,-33.92256,-37.89671,-33.47138,-34.59065,-36.92910,-37.72667,-22.63332,-41.11572,-33.54640,9.34862,-32.36527,3.01254,-63.11913,-50.58886,-62.31336,13.77670,-44.50016,-22.33723,-62.06029,-35.07636,-47.28575,-36.63095,-34.09134,-35.10273,-29.64889,-1.52846,10.26028,16.23699,-47.16633,-63.51373,-72.92421,-14.91242,-15.42541,-45.19077,5.72690,-37.56218,-39.44346,-31.91216,-56.41488,-49.10600,-46.52332,-24.71384,-52.28519,-22.89046,-26.46754,-22.64927,-19.98632,-43.61566,-38.70640,-35.76862,-30.38128,-33.16305,-45.99039,-10.41961,-22.39071,-11.75724,-40.26030,-35.55181,-45.78559,-36.51577,-41.24071,3.33452,-20.52390,-4.70626,-11.62315
1989,2.71000,-0.11808,4.40809,14.64970,17.47441,4.16491,14.98204,14.46817,5.18165,1.37294,1.93437,-6.22218,10.98780,13.89275,-6.02437,0.50236,-7.98660,8.53658,2.60578,0.41656,-10.14999,-36.11219,7.25650,2.54448,-9.58647,0.87672,-32.85253,15.43482,14.57553,-5.25462,-13.42361,2.71001,5.70287,-2.24520,3.00785,-14.31889,13.08899,-11.13759,-11.86739,-14.33051,2.08881,-5.27970,-3.40438,15.14654,10.79401,9.23306,-13.34187,10.93683,0.23336,-7.26506,-0.09791,3.88919,-3.15506,-1.31096,6.61546,13.02011,13.82102,13.38309,3.13667,-6.62379,2.43461,-15.19710,-16.02071,-9.04739,1.98543,-5.96251,4.21062,-6.38076,-0.39933,-0.28074,,14.55363,-9.29617
1990,2.47000,-0.06883,1.50521,-6.53981,-3.04782,4.39134,0.11974,5.24000,-5.11414,-3.58817,3.15261,-0.11735,6.22345,7.83218,-4.99876,2.83295,1.74463,8.97454,1.66572,3.57059,-2.18084,-1.07997,1.68349,1.71225,1.79086,-0.02044,2.70977,9.92377,10.78127,4.09171,7.58412,4.34093,9.54353,4.03181,2.16791,15.93432,-0.11024,-1.09478,0.86943,-3.37937,-2.03031,-8.81031,8.27060,7.46955,10.38601,4.24828,4.06751,3.95109,8.89005,3.40191,6.17509,-1.87284,-4.90257,6.60235,15.11723,7.76699,6.71208,5.20147,4.26713,-1.61786,7.96960,-7.42903,-6.57071,-0.53754,6.94545,0.42540,1.95684,4.98758,3.45316,-1.99599,,1.31351,-6.51464
1991,2.59000,-0.03089,-19.48100,-28.39598,-29.89505,0.28027,-38.87256,-24.65484,-27.07660,0.21994,-12.92914,-16.23979,-27.92215,-38.69839,-29.45647,-22.32396,-34.82413,6.67500,-26.69656,-0.08372,-10.84806,-3.71441,-53.03237,10.01336,0.11364,10.30462,-22.48247,-27.85394,-46.62411,-34.77196,-38.47815,-18.44633,-17.53803,1.20882,1.42798,10.78752,-47.49129,-20.38531,-29.55375,-15.13593,-5.89943,-14.51592,4.75807,4.03541,6.47802,-8.54650,-4.73220,-8.80607,2.73006,-18.74021,0.69094,-10.76819,14.92992,8.96565,6.75234,2.18053,-8.03322,2.13097,7.17258,17.71029,5.96459,0.12792,6.65928,8.73897,2.40546,-0.06447,6.36972,0.38319,9.05010,2.25030,,3.82340,15.63053
1992,2.70000,-0.22593,19.86612,26.91451,32.86604,20.06920,25.34515,26.41699,26.02761,24.02806,26.90161,15.69232,22.00725,19.44104,25.39414,21.89413,17.72138,4.15046,21.34116,24.37864,14.57564,15.31782,21.68034,-3.44109,18.27278,26.12968,18.15256,14.01280,11.15940,10.09437,20.55958,8.59369,18.44707,18.69833,-9.28696,-5.38654,1.03676,2.57416,4.83307,12.92290,24.07313,19.66181,-25.31071,-1.61301,-0.68451,-0.17128,4.74990,-12.30609,-10.36326,13.57221,-7.36464,11.63645,-26.13760,-17.34604,-15.06256,-22.18370,1.13057,-2.60621,-8.38447,-14.68379,-13.64042,-28.05957,-17.83072,-29.01785,-13.84880,-28.57656,-11.21740,-19.99392,-27.21964,-19.56342,,-38.83338,-38.95158
1993,2.40000,0.03750,0.46325,9.30834,7.43548,-13.16687,11.82285,7.23326,10.39848,4.68233,-7.50514,-1.73013,10.91165,5.78047,-8.95524,3.19971,-9.46167,-29.79909,-4.63223,-34.10067,-2.63703,-11.98329,-5.60696,-18.72888,-53.09534,-47.78971,-46.49423,-0.16491,-5.91265,-31.53930,-22.72269,-23.08448,-1.49005,-29.14966,-24.47689,-37.21515,-13.88974,-22.71636,-47.95011,-13.06442,-46.47099,-54.39380,-20.22948,-0.79000,1.08931,-5.98606,-58.55890,-15.96326,-22.13991,-68.79719,-21.99164,-60.01724,0.23489,-4.60773,-2.79412,-54.43683,-56.43291,-71.23227,-23.75402,-40.13342,-25.93542,-22.21373,-9.88073,-43.24133,-49.03164,-60.18865,-52.80452,-32.34073,-31.54492,-27.79713,,-67.24017,-59.39732
1994,2.68000,-0.19403,12.56037,8.36884,0.39658,13.69706,7.05055,11.64954,11.23603,16.95198,12.03811,9.93834,14.45355,14.82989,11.15371,20.25530,13.64099,6.20137,13.11660,7.87835,25.78666,21.93782,22.10575,11.55001,29.55471,18.70202,26.61353,17.41293,17.30419,10.28704,17.30504,11.32826,6.85061,8.97735,7.30817,6.68352,25.27466,18.49311,16.76671,6.76364,19.65156,16.61726,1.11603,5.27586,4.37223,0.80917,7.75957,19.70815,21.28344,8.67887,14.05278,14.07908,11.48737,12.88057,-1.94234,12.42116,11.63997,15.25277,19.27644,22.67251,18.12957,10.75433,18.48927,28.50185,18.14266,17.80481,13.69170,18.76095,21.00757,-5.31084,,3.68639,-1.84307
1995,2.57000,0.25681,-22.67584,-25.90400,-18.08399,-15.10152,-14.85175,-6.32149,-18.25976,-21.16298,-9.98114,-15.87501,-22.31705,-23.90068,-10.22067,-15.98911,-2.75635,-19.76067,-7.54568,-21.39262,-30.24419,-26.80773,-36.75297,-24.30444,-35.76797,-33.05070,-22.60599,-17.30922,-21.54563,-0.87663,-4.91723,-6.75900,-9.18651,-31.72063,-22.00676,-23.15418,-27.65184,-21.21409,-23.44647,-27.32368,-14.98422,-6.43834,-20.33400,-5.11542,-2.76303,-1.44561,-18.92197,-12.40616,-11.34321,-12.99053,-14.51708,-12.84128,-1.80014,8.44388,4.64277,-14.83196,-9.65079,-14.37329,-10.96811,-12.23268,-4.50544,16.87795,15.66926,4.66170,-0.89732,5.25383,-12.39542,-0.37071,6.22990,8.53544,,-2.88706,-3.15245
1996,3.08000,-0.07792,-6.91205,-0.01017,-5.92289,-19.21259,-10.42405,-9.77030,-23.55556,1.10667,-18.66289,-0.03381,-16.29390,-18.93125,-26.62006,-22.02103,-3.62512,6.80229,-25.69685,10.32807,1.81586,0.00228,-4.18312,4.11889,1.99118,-0.95897,-1.62550,-9.30916,-8.01768,-17.24030,-1.96950,-15.95536,-13.82363,4.38763,5.94080,8.11721,-15.39652,-5.00461,-8.42965,8.48131,0.57166,-3.44395,-2.24117,-43.50670,-25.44375,-23.50039,-7.57623,-23.03476,-13.48653,-0.65083,-9.28694,-1.77830,-18.28766,-9.24281,-15.10546,-11.64064,-5.39609,-5.44380,-14.32516,-23.36009,-7.63045,-7.39525,-5.47574,-4.46178,-8.22302,-8.94715,-4.39920,-16.10236,-0.79063,-5.95161,,-9.46051,-7.18910
1997,2.73000,0.02930,-17.14826,-18.69968,-32.62846,-7.14866,-31.21634,-28.92386,-17.58468,-13.85445,-11.16964,-4.54716,-13.40825,-28.59182,5.91389,-13.89044,-10.83675,-10.72225,5.44087,-1.61790,-13.57862,-10.74328,-12.61327,-3.39112,2.73214,-4.34502,4.32771,-1.59798,-3.11194,-3.17397,-18.40177,5.19375,2.42814,-3.57286,-15.86163,7.46133,-7.77757,-15.46181,-4.89283,-10.35217,-9.51412,-4.38289,-8.51977,-5.61227,-3.39720,-4.45517,-6.07594,5.47951,2.03682,-3.35659,1.80034,-7.55699,5.82483,0.44549,-0.18702,2.43958,-0.05049,-12.73653,9.56779,4.95695,8.44454,-4.34703,-8.07075,1.16473,0.16557,11.25188,4.76368,7.16598,14.61742,-0.27199,,1.63271,-2.40757
1998,2.84000,-0.22887,-7.63447,-15.38918,-10.70903,-8.30973,-3.33293,-7.73934,-9.68047,-7.04633,-6.80139,1.89404,-7.70384,-13.66239,0.52284,0.04015,1.60877,-2.78429,11.38970,1.80279,-6.60948,-3.26661,-12.61484,8.05443,-3.86326,-0.16441,-5.55544,8.79098,7.04934,14.39236,2.46596,13.34285,9.16880,6.06040,4.33593,1.57817,8.93229,5.99766,3.98399,9.95282,-3.93324,-3.60516,2.39449,-14.00355,-5.98701,-5.00995,3.76071,13.42234,11.39350,0.92855,5.74477,4.37265,-9.06268,-28.61620,-14.10191,19.51979,12.29512,18.52629,4.58575,8.27398,6.11954,-24.51309,-2.59075,-7.20875,15.62559,6.65090,20.25989,17.83432,0.59689,-6.59237,,7.47593,5.46486
1999,2.40000,-0.16250,-15.12068,-12.16202,-10.78960,-42.42080,-25.96951,-17.38814,-18.90959,-18.62283,-28.49564,-17.28295,-6.33069,-4.57296,-26.38488,-1.21677,-14.94571,-7.77133,0.63853,-6.65152,-1.00397,-4.90105,2.52644,4.07776,0.70498,-6.67268,-15.14768,-16.97562,0.53285,-5.94131,-1.78631,1.36468,-18.26832,-2.09384,-4.86650,-6.81407,-9.26693,-2.45953,2.55081,-0.92681,1.03098,2.56423,-7.14125,-5.53768,5.60500,7.86027,3.94282,-3.77768,7.58351,-3.63175,10.83205,11.84396,17.04980,23.44711,16.81653,7.37778,3.64073,9.78912,18.97870,25.14658,16.29453,25.17799,25.06067,24.16777,15.29989,12.24992,19.92277,4.80266,19.71923,25.42059,,18.81915,-1.93543
2000,2.51000,-0.18725,12.72645,12.48181,18.71317,9.56813,20.12248,19.03448,5.66128,13.72374,17.18511,12.09461,4.52371,0.65646,11.68241,13.33882,3.74266,-21.53337,12.60959,-23.03916,-1.85300,5.24229,-7.33228,-13.63224,12.92776,-1.63651,5.72371,-5.49777,-3.73919,-1.10498,-0.45858,2.73196,0.39456,-17.28558,-18.29394,-19.52450,-8.64798,-8.33339,-7.17237,-22.25260,-15.12147,-3.82471,-16.21270,-4.78611,2.65155,0.00549,-7.31144,-8.12056,-3.22647,-4.12842,-5.22353,-6.45139,-8.17105,0.17708,-0.93170,-1.98646,-1.37730,3.82972,2.49665,6.01917,3.16952,8.27383,1.93591,2.29428,4.90277,-0.75106,15.50232,1.17101,2.12727,,,-3.75430,-2.24481
2001,2.46000,-0.15447,18.57357,15.45897,19.92427,-11.28044,19.24304,22.45710,9.36549,-0.08353,4.90336,-9.49147,14.99686,8.04589,2.01636,17.55691,-24.51182,6.60459,12.28064,3.52320,-6.33840,5.71896,-2.76243,8.59108,-3.42219,-11.40034,-2.45035,9.94674,3.43321,-11.17865,-15.55085,-8.00075,4.42410,-6.88356,1.57863,-6.28947,-11.21085,-4.54059,7.93444,2.31393,-12.18225,-3.78865,-4.85613,-9.03453,-13.30189,-25.34929,-2.42934,-13.17773,-3.70312,-11.45236,-8.13625,-13.19675,-33.72523,-16.75961,-48.01326,-17.35069,-20.94079,-14.90746,-14.61040,-17.66380,-10.15549,-23.38033,-22.78410,-10.32920,-12.42293,4.04796,0.16520,-6.46065,7.67817,-48.88684,,0.67225,5.08218
2002,2.32000,0.08621,-46.66264,-49.73054,-42.48130,-28.37901,-53.12212,-36.32027,-35.19697,-23.12157,-51.00339,-38.75936,-24.77374,-14.02468,-41.06636,-48.57501,-55.37773,-3.65745,-66.23720,-48.33111,-16.64198,0.64007,-15.76401,10.10330,13.09150,-17.36417,8.60286,-19.15320,-11.51662,-57.79231,-48.07312,-50.61528,-33.95746,-33.99405,-5.17381,-4.44536,-34.77371,-1.24778,21.02126,-26.95801,3.31530,19.23074,-8.23693,-9.42581,-15.98261,-23.52907,16.01640,-20.37775,-16.17977,12.06006,6.23675,-1.31710,-1.61274,-1.61297,-4.76149,9.61841,8.13209,1.02203,3.78256,1.87546,12.91951,-7.60591,5.12923,3.79731,16.17995,11.44698,20.57809,15.70769,17.22908,-36.29056,,27.09880,10.40916
2003,2.42000,-0.06612,-8.14885,-24.67004,-3.21187,-3.86508,7.01273,3.31664,1.10724,12.60963,-2.87264,-10.34544,-5.06934,1.94475,7.31759,-1.51942,10.39350,2.24301,3.03386,-23.23542,14.69081,15.33897,10.52013,8.89330,-6.24936,-18.08356,4.52880,0.42465,-9.04422,22.72402,3.46461,25.00655,6.74986,-17.80454,10.96126,5.10785,4.02706,3.96169,9.27808,-4.79149,-3.92048,6.95014,-8.97157,-5.10280,2.15485,2.21615,-7.25604,-7.57777,-8.32309,2.77248,-14.39026,3.54587,-14.50025,-7.54966,-11.84304,-7.30138,5.11406,-1.82625,-12.07449,12.63694,-17.80550,-0.35531,11.23422,11.17383,-6.71718,-8.55400,-2.09237,-21.72396,-16.93431,-44.02760,,-3.47465,4.91796
2004,2.83000,-0.27562,28.03161,24.55712,16.73256,7.59885,13.06186,13.55354,25.67812,26.87928,17.65810,1.49071,19.67256,17.84418,5.55154,18.07367,9.31330,5.34347,19.41602,19.70194,15.84177,31.03786,18.51855,14.28329,31.40979,32.65262,35.63656,17.04694,20.77262,2.79035,0.53234,17.63747,13.90163,20.47247,4.42132,5.83379,12.28238,19.25450,16.42490,16.71350,21.43540,25.71953,4.02456,6.79163,10.56504,-0.78863,10.13516,-17.34922,2.86692,17.59399,6.83988,24.91718,-25.05444,-11.61136,-8.75794,11.55661,17.55058,12.21435,-16.18154,-25.93491,-2.03051,-15.67613,-1.48578,-24.69966,1.88570,-13.35498,2.98718,-6.15562,-11.09769,-21.34798,,-18.71476,-33.46718
2005,2.32000,-0.12931,6.21207,-2.46572,3.68533,-23.23722,-1.61758,-2.35240,-13.55101,-15.85107,-11.18615,-15.88123,-1.37929,2.73360,-18.45618,3.96675,-16.74404,-1.01857,-11.66848,-6.61070,-30.27999,-21.59658,-5.62588,0.59551,19.78712,11.72212,-9.26477,7.49145,0.14502,10.00668,2.97007,12.65021,3.60896,-3.60052,0.33139,21.84154,-38.09867,-24.20270,-21.14828,4.89541,12.61629,20.86392,-1.50239,-1.02822,9.88432,14.60659,18.82635,-14.12067,5.05694,21.32459,21.35573,18.41350,3.39138,20.70195,6.99384,19.63682,17.44164,30.81051,8.08641,2.60435,14.04448,24.16971,4.16922,-11.07314,17.41715,7.24404,21.31673,-6.65395,-10.83250,13.99830,,30.37846,6.05678
2006,2.50000,0.21200,-1.27414,1.42811,-0.70357,1.28921,3.06012,4.27260,-5.64680,-13.27372,13.15710,11.36401,-0.07489,0.56303,13.26944,1.08484,9.70433,-11.41811,14.08035,-9.38168,-1.67448,-9.67547,7.80111,3.82995,13.01899,4.68051,13.68844,6.93596,7.62853,-0.02699,-3.55220,10.51749,8.29406,-8.64851,2.40396,14.86748,8.88392,5.34011,7.40854,-11.42268,-14.38616,9.64998,3.15857,14.58050,12.11270,12.62682,9.22664,9.39359,7.24695,8.03702,15.15730,-8.26519,7.17054,5.01526,4.24561,7.38370,10.69633,9.07333,-4.14563,-4.07861,-12.08053,14.68222,7.44921,4.55338,-5.47998,4.84306,1.56295,-20.70783,-40.56731,39.34459,,,-11.19200
2007,4.06000,-0.11823,-1.92702,-7.59473,3.17419,-21.07187,-5.00504,-13.33573,1.12408,1.45747,-13.66215,2.96177,-10.05174,5.17246,4.09506,-17.64707,7.38985,3.05735,1.45140,-0.86932,14.65830,13.80120,16.37096,8.18661,14.15086,-4.61665,20.76892,4.96936,8.36760,6.14934,1.84553,-9.91522,-2.76528,-2.74025,2.07652,11.38433,13.59378,14.79958,10.53536,4.65922,0.44472,9.43604,1.72063,-18.09649,-17.02257,-12.60296,5.19056,5.05071,-3.39637,8.40398,-0.04113,-3.36888,-11.38364,-15.04644,-15.16928,-2.20276,-7.50351,-1.77495,-6.50268,-11.20602,-18.20553,-23.47194,-36.77079,-37.32011,-31.02710,-22.15791,-17.44084,-38.25059,-35.87355,-39.97579,,,-3.68320
2008,5.40000,-0.23519,17.58677,14.39910,1.67696,-16.73294,-4.36662,-18.21152,5.89495,4.11174,-28.09390,-8.28491,-2.87859,-3.83811,-20.89599,-2.60399,-12.16463,1.94531,-21.49977,7.04304,13.90018,19.83343,6.08367,6.47660,-14.70818,-0.94715,9.83123,3.04721,13.84000,-22.75433,-12.02563,-21.16612,-11.49129,-1.98823,0.56159,8.31733,12.21274,9.00906,2.78218,5.32575,12.23394,-3.03623,8.70138,-1.48777,-10.52147,2.04226,-6.77279,-16.00645,-18.70635,-0.00178,-9.38242,11.27743,-10.27116,-4.35813,18.24916,-2.78921,6.20573,6.26565,-4.10973,-10.88899,-1.43054,4.84057,-16.74080,-22.44359,7.22577,-7.09223,-2.69462,2.89275,-13.60836,-26.46284,,,1.83697
2009,4.13000,-0.09927,15.76723,18.25960,14.33806,25.47599,19.58608,18.82380,1.93250,6.53524,21.49935,15.68507,13.41956,8.05132,23.58796,16.58910,26.16089,18.27077,17.41573,16.13873,-0.67613,6.08787,8.51066,9.37771,6.47824,20.18902,3.24807,5.31394,4.02351,12.02201,21.72241,6.37389,11.04937,25.85753,13.52165,14.06802,-10.89558,-1.03147,9.82900,24.40766,21.06482,3.62483,11.71802,14.26380,3.61600,0.18748,0.16386,-5.20648,4.15033,6.27428,5.84772,19.97374,1.37466,0.20518,7.00093,8.06878,13.18770,15.97292,9.28322,-2.46084,11.94445,-0.73264,2.16420,-4.90041,17.97150,1.44013,5.21826,21.24165,1.06159,-21.61655,,,-9.97241
2010,3.99000,0.36842,-5.80232,-3.13991,-9.05918,-2.38008,-14.88622,-11.15675,-3.83663,-16.82588,5.83010,15.83839,-8.66979,-3.32925,6.25524,-3.89281,15.16640,5.98373,5.16456,-2.40724,-24.42516,-37.96879,-16.61948,8.43437,-52.96262,-13.04147,-51.98962,0.65846,3.15146,5.29834,8.78316,-2.15882,-7.58775,-2.14046,-0.20578,-0.89241,0.46276,-8.57200,-12.35418,14.53572,-1.52929,-10.48911,-3.18868,13.65824,4.23528,-0.71730,0.44596,3.13636,8.49035,0.53216,8.80643,9.01172,23.12715,8.53099,0.93604,14.74899,9.00603,14.26907,10.61368,2.97842,13.92944,11.94892,16.68169,16.44277,16.33152,16.59915,14.73947,13.77262,24.89344,35.27973,,,5.65432
2011,6.01000,0.05158,-19.95519,-11.30941,-14.35086,4.84635,-27.07101,-33.16270,-17.62575,-25.94853,-12.80165,-2.15829,-28.85200,-19.24983,0.70252,-18.46223,8.63192,-0.72831,-9.58661,-1.96988,-17.68329,-24.31434,-23.66392,-20.47563,-22.05802,-9.71641,-31.10914,-9.71926,-6.55392,-0.44533,-1.38355,-8.57336,-22.05820,-0.67595,-10.57072,-7.39375,2.82528,-7.56253,-5.06736,-0.39776,0.91826,-4.62805,-0.01870,21.79553,5.24547,-0.39208,7.87352,3.79062,-2.05297,3.91730,-1.83486,0.13303,8.09963,8.95679,6.32115,1.25142,-7.34836,-6.71255,6.94413,-3.38232,4.84443,-1.12190,-5.98831,1.81929,-12.30132,6.07817,-23.48098,-4.01056,9.57292,-25.72398,,,-10.16617
2012,5.68000,0.32042,-98.61807,-94.19892,-97.90198,-31.97722,-93.69331,-62.99404,-106.79590,-80.60196,-58.69590,-23.83831,-73.59849,-88.90040,-31.70686,-67.30664,-27.06828,-13.49035,-42.02667,-34.89086,-69.41414,-54.59323,-77.07978,-17.24119,-71.01706,-48.09135,-46.41047,-52.44141,-34.53708,-24.77900,-15.64582,-47.66062,-52.07310,-35.27394,-8.74815,-11.65872,-44.26340,-48.21972,-45.08054,-59.61585,-50.71752,-29.48366,-10.47373,-15.36718,-25.31707,-23.70686,-40.57164,-39.03512,-57.79629,-37.12482,-54.14758,-22.91233,0.67212,10.15760,-3.61041,-0.10170,-6.94821,-13.79417,-36.06292,-12.42084,-14.93057,-7.10940,-17.88332,8.63747,4.58013,-12.76281,9.20691,7.74668,-5.51904,,,,1.34667
2013,5.65000,-0.22301,15.45906,22.59158,17.50468,18.54921,14.60689,11.19763,2.49805,2.90546,14.34735,8.69278,10.29073,3.54903,12.88209,14.21145,8.56295,-20.12739,12.62216,1.91317,-5.64600,-4.10545,-6.35279,-26.10675,-22.39427,-13.33296,-11.36635,11.92532,3.54643,6.61733,10.56441,15.83394,16.74692,6.35307,-1.46309,-9.60147,3.33781,-3.11025,-9.71372,14.14298,-24.32831,-30.60593,5.88458,9.89868,12.16585,5.51836,-7.68954,-2.97800,-4.02294,-16.11240,-7.54602,-5.15768,-8.27540,-0.11659,-6.42531,-14.06593,-7.86624,-4.17579,-17.63247,4.10731,-28.50558,,-11.90511,15.67232,-21.76700,-6.21379,-8.03021,-14.80720,-30.59670,,,13.75754,-1.35993
2014,4.62000,-0.24459,27.86951,27.58429,23.22689,7.40064,24.47459,26.93057,27.20021,25.39119,20.74060,14.52590,23.07906,31.72703,4.44937,13.09203,13.57990,-1.91443,13.22655,20.10052,22.88779,23.22678,21.05992,2.71657,14.31942,4.68099,25.79595,13.11428,7.52994,3.77366,6.35214,21.92850,15.94155,11.14258,-0.70302,7.55477,10.58782,2.69922,2.73310,11.44797,-3.25576,-2.58653,-4.69878,17.40455,11.78513,10.03358,-15.01653,2.25055,2.06707,-11.57270,2.16984,-10.54471,-4.76291,4.77171,6.67647,-6.29683,-19.35699,-15.33518,7.72299,-12.19788,-7.48059,3.58705,9.60167,-14.61783,-32.56412,-10.11477,-14.05900,-23.49442,-22.01723,,,,-10.72288
2015,4.15000,-0.07711,7.54580,10.84757,-0.87868,10.12707,11.44515,6.44684,-5.04225,-16.54684,3.10885,8.66609,-21.02279,-12.53211,-4.32501,-22.57738,-15.60316,11.04852,-16.98018,8.89622,-4.34306,-7.47433,-22.29880,5.49546,4.61290,8.62827,0.45825,-23.59676,-41.25321,-8.28251,-25.94486,-26.28604,-30.35272,16.16245,6.19454,10.96974,-0.94550,1.42536,2.40992,20.58512,7.35013,6.54953,3.22897,5.32184,10.44987,4.57880,6.22012,14.87339,4.09042,13.35790,-3.64288,15.49327,-1.45043,10.27669,21.62824,7.63893,16.42498,18.07209,4.60344,7.84297,3.24440,1.77813,-1.65583,-2.38298,11.13875,6.35925,10.61222,23.02115,9.90986,30.46116,-16.75462,26.01065,10.99631
2016,3.86000,-0.09585,-18.42791,-15.60694,-14.81758,7.81183,-6.42000,-2.48133,1.87711,11.55148,2.35210,-4.21671,1.33697,12.99398,-0.46606,-0.54679,-7.26050,-1.58852,-19.66468,0.08357,19.06245,16.34679,18.44248,1.52990,22.65589,11.38666,27.55692,-0.34114,2.89696,-13.80368,-4.30157,-7.58239,-10.41682,5.15286,3.66711,-7.68831,17.37951,17.59317,16.12674,13.27332,18.27268,17.55225,8.05672,5.91913,-4.55106,3.37902,16.88405,9.49337,20.93044,12.49759,13.84440,15.51458,11.06206,0.89833,1.63001,8.06359,10.60695,19.67935,13.25889,18.16318,11.93940,-19.50222,-14.85084,19.01853,16.02020,20.89994,24.23343,13.93116,18.19886,19.20745,20.97758,29.73720,25.88693
2017,3.96000,-0.11869,1.32755,15.53356,16.14685,22.16743,14.04341,12.03495,5.87950,7.02323,9.53285,14.93244,-3.88095,5.06674,13.40955,-3.15371,16.40216,9.10778,5.52859,4.45427,17.43160,23.19012,15.48376,3.65957,10.67347,11.94506,0.20104,5.48115,11.39158,10.13266,7.93060,2.03035,3.85241,9.79237,-1.73533,0.83460,9.23786,17.71931,23.07356,8.91048,13.63690,13.51331,4.15114,10.63642,-5.13884,7.73924,15.50251,11.52477,11.55379,16.22820,4.10311,11.96923,11.17455,-1.86336,4.36512,16.74380,21.42528,12.87551,5.13934,10.92625,9.65439,8.23315,8.71487,14.99505,15.55879,-7.30770,13.36298,11.38283,17.47262,,,,-0.77245
2018,3.96000,-0.07071,18.95801,11.00405,8.59461,18.53136,26.88540,20.26233,32.87551,29.21853,21.75109,3.38159,19.64398,8.79367,15.62684,21.60188,1.84768,12.28740,27.02187,11.83329,25.72600,24.42235,18.18218,19.32259,4.58630,-6.12036,22.33607,9.30344,5.97351,6.19470,6.96278,14.09764,8.05974,16.81581,17.11224,12.46703,12.99204,13.87045,18.56038,16.89588,6.51778,10.12437,27.38111,-3.96629,-13.17613,-1.66554,9.12098,12.55046,8.12713,-6.58666,7.49039,-8.70113,-15.81297,-13.17506,-0.66644,3.19068,-17.39275,-12.16484,10.90313,9.15360,1.93938,-16.49434,,-5.50343,7.52452,-0.93535,19.47309,12.55118,9.80067,,,,13.04317
2019,4.00000,-0.02500,2.64180,-4.53546,-12.12873,-1.05472,-26.14404,-29.74997,-10.16708,3.07023,-2.07649,0.31110,-16.37394,-3.84012,-11.54255,-7.86337,-5.06394,1.00870,-22.26263,4.02065,-13.27960,-11.83273,-17.69082,-4.61678,1.41817,9.55390,-5.47435,-9.14887,-8.38267,-3.19325,0.02829,-1.30326,1.70516,6.21693,-6.30270,1.85374,-13.65378,-9.48675,-2.56280,15.06310,17.53700,5.42710,8.72252,-18.09900,-10.37200,-7.01031,7.78490,-2.92384,-2.34952,4.59849,-2.90804,-2.13315,4.69952,-12.72008,-18.11466,-6.84022,-11.98351,-31.48773,-0.67475,-6.29047,1.53437,-1.17183,4.58915,-19.20192,-1.14650,-11.86966,-3.47959,7.98619,-4.10795,-14.20369,,,9.62545
2020,3.88000,0.02835,9.91892,13.09777,11.70181,10.48421,16.20330,9.23516,6.64546,0.57834,3.55366,1.75489,14.11796,6.02503,-0.58860,11.75055,-0.56843,1.65082,2.20842,10.36634,-3.62460,-3.51320,-6.16383,-21.28790,-5.74663,-6.60199,-7.00296,1.45913,-4.18011,-7.41835,-6.17489,-14.23143,-5.08117,4.33590,3.39487,-28.08557,-7.19821,-6.11061,-31.73598,1.65609,-26.29545,-43.97684,2.23440,-10.68313,-12.53555,-7.25509,-12.33299,5.57899,4.50716,-2.99818,4.25067,-11.14260,-1.38800,-14.30344,-9.06289,0.15110,7.06210,5.20843,-5.13180,-5.56233,2.29936,-3.39266,0.06915,-1.00040,12.83170,4.70936,-1.00216,14.42675,8.86676,34.25926,,-7.49826,-3.37060
2021,4.58000,0.17249,29.87854,23.96053,24.98236,19.09457,19.71851,1.98893,26.10422,10.19031,8.61834,19.80154,15.19111,8.91195,18.15869,22.23471,23.26995,22.54295,18.52392,9.69537,-0.53727,-8.59209,5.46317,-9.14374,10.87774,19.74529,-10.34571,-0.64080,-1.37716,13.80048,19.50375,18.40040,19.42338,18.50917,20.72993,4.99289,2.84208,-3.21629,4.01417,10.09654,17.16543,8.46967,0.43437,3.01130,8.45848,7.09013,3.45820,9.90754,7.18051,3.09606,6.52366,1.51432,17.88449,14.27986,20.48888,-0.52742,2.87134,-6.88430,7.07365,16.88804,4.41436,25.14318,19.02414,22.20111,-15.88630,18.06838,-19.24382,-27.14379,11.46231,32.38888,,-32.83004,-38.28220
2022,5.90000,0.16271,12.89650,15.58603,6.37568,10.06207,8.36288,10.48576,24.65388,14.32534,-3.50091,1.14248,4.94801,0.12638,6.63764,2.24923,8.97261,-20.73576,9.55053,-14.31727,16.41370,10.10681,16.26159,-11.01109,-15.66288,-7.61437,-8.86017,7.47038,3.73135,15.88098,5.19148,15.19405,13.16681,-27.41924,-20.34036,-7.85087,17.31849,14.70000,13.16765,-38.45341,-3.73368,-0.48139,-18.77399,5.16288,7.63938,-7.16465,11.22213,9.70752,8.73719,10.81757,10.46809,-6.35755,20.36198,-2.23433,-10.82601,4.71152,14.27149,-0.92287,12.84161,9.32730,-2.79065,-13.36431,-1.25658,1.47763,6.66932,0.36740,-6.69458,6.22000,3.05785,-15.98150,,-19.13682,11.27064
2023,5.91000,-0.17428,-0.63516,8.63986,15.57122,23.06767,14.22391,15.91037,9.25143,4.51038,23.47984,16.78151,20.26866,14.36998,17.47436,15.66731,25.26098,-4.21030,14.94380,0.97008,4.33133,1.85570,13.77430,-6.18236,21.55399,11.40097,11.98940,8.63155,15.92598,16.81564,27.92365,16.62295,19.17553,-9.16047,5.31256,-2.08511,11.10223,5.82614,-5.08553,-20.30033,-13.41795,6.73801,13.67321,2.68350,-5.37770,6.75057,-10.05940,7.53607,-1.00612,-5.81748,-8.33035,3.45542,2.84946,-4.08352,-1.95757,-20.00688,-7.33846,-9.57532,-0.61544,5.65545,0.40434,13.36820,6.12163,9.82915,-2.05253,9.56642,-7.90897,-4.39461,-5.65910,26.18145,,0.85639,12.43555
2024,4.66000,-0.10730,16.33242,6.20988,10.14621,-24.71007,11.32661,3.94886,17.00776,12.60653,1.19809,-34.16993,14.90265,1.85941,-13.97946,10.61040,-17.07636,-5.95805,-1.47404,3.69078,16.87018,6.97959,21.56201,10.22208,17.25086,18.38238,24.57093,-1.21838,3.96504,3.92947,6.81693,3.52589,9.87035,0.50759,3.42620,-9.47172,9.55963,15.41538,22.26129,-8.09558,12.40031,9.47883,1.16762,4.40413,22.40421,5.64579,4.81361,-0.83539,-6.06611,-1.47879,3.47122,-16.87743,1.81195,10.88693,11.04420,-5.68361,-35.43830,-23.84027,-19.63499,-18.88585,-0.68622,6.16571,-0.91087,-10.21934,-16.85918,-9.39456,-14.54268,-3.48877,3.89180,-4.32226,,,2.59938
2025,4.70000,-0.10213,-21.12046,-19.60582,3.29183,-13.94971,7.54598,17.64291,1.04151,2.64712,3.23063,3.87148,16.27746,30.28217,2.17560,8.29099,-7.89084,6.04479,7.68591,3.73369,16.26458,11.25348,22.54257,9.75652,14.79987,-7.14336,16.73785,16.90391,19.73744,9.35581,-6.50089,4.03772,6.70267,2.87721,-7.67481,3.81785,22.03797,10.85009,5.86589,12.06947,5.13675,0.86846,-12.14907,-4.02525,10.49722,21.71101,6.97935,15.45031,15.05724,-2.05425,4.85850,8.85916,-8.15057,7.35309,8.44598,-1.04784,8.20740,23.79477,10.57046,9.00758,2.96432,15.69322,12.24912,11.15718,3.55157,3.70446,-10.71048,8.87958,11.62366,-2.77598,,-5.25717,26.27750
